geometry,formalism,schedule,task,plasticity,intrinsic_enabled,structural_enabled,gamma,memory_strength,eta_weight,alpha_async,sigma_birth,sigma_survive,diagonal_ablation,activity_late__mean,activity_late__std,activity_late__median,activity_late__count,entropy_late__mean,entropy_late__std,entropy_late__median,entropy_late__count,repair_reference_corr__mean,repair_reference_corr__std,repair_reference_corr__median,repair_reference_corr__count,corr_A_late__mean,corr_A_late__std,corr_A_late__median,corr_A_late__count,corr_B_late__mean,corr_B_late__std,corr_B_late__median,corr_B_late__count,neighbor_pattern_entropy_late__mean,neighbor_pattern_entropy_late__std,neighbor_pattern_entropy_late__median,neighbor_pattern_entropy_late__count,spectral_peak_fraction_late__mean,spectral_peak_fraction_late__std,spectral_peak_fraction_late__median,spectral_peak_fraction_late__count,coherence_late__mean,coherence_late__std,coherence_late__median,coherence_late__count,structural_link_fraction_late__mean,structural_link_fraction_late__std,structural_link_fraction_late__median,structural_link_fraction_late__count,structural_additions_total__mean,structural_additions_total__std,structural_additions_total__median,structural_additions_total__count,structural_removals_total__mean,structural_removals_total__std,structural_removals_total__median,structural_removals_total__count
extended_hex_r2,markov,sequential,baseline,fixed,0,0,0.68,0.2,0.016,0.5,0.6,0.6,False,0.4515203928366356,0.0005377408511383221,0.4518201267355317,3,0.5848055982184636,0.025018203488776366,0.5713382790565786,3,,,,0,-0.00118296167282,0.0016765457523064133,-0.0016644501097572,3,0.0014885020302329334,0.0007585215549911141,0.0013727740517711,3,0.9430033027532873,0.008489092393901002,0.9466925421896047,3,0.40598117818116836,0.09306974908908235,0.4373879794673272,3,0.0,0.0,0.0,3,1.0,0.0,1.0,3,0.0,0.0,0.0,3,0.0,0.0,0.0,3
extended_hex_r2,markov,sequential,baseline,plastic,0,0,0.68,0.2,0.016,0.5,0.6,0.6,False,0.4460244052820895,0.0005296591482915057,0.4459028635701677,3,0.9884691158731412,0.0012336128079896223,0.9887499231068188,3,,,,0,-0.0022998849273815664,0.009959164157089835,-0.0034490753342125,3,0.0004928070227576334,0.012596019385912774,-0.0046414677338303,3,0.0,0.0,0.0,3,0.1589574052563425,0.05546955089872149,0.1405490666918609,3,0.0,0.0,0.0,3,1.0,0.0,1.0,3,0.0,0.0,0.0,3,0.0,0.0,0.0,3
extended_hex_r2,markov,sequential,lesion,fixed,0,0,0.68,0.2,0.016,0.5,0.6,0.6,False,0.4503936146628033,0.0003899154933379622,0.4505184540437661,3,0.6350620377496002,0.016715581487937524,0.6285469676566557,3,-0.0001512106585335,0.0029980525144079756,-0.0011181591949738,3,-0.0015680350953241665,0.007023755106463701,-0.0027276394842296,3,0.0010024210689352,0.004024108072402148,0.0028705561004728,3,0.9215833760754375,0.007898335056255812,0.925665061211537,3,0.1630331697058579,0.05559170057336357,0.1634804848314733,3,0.0,0.0,0.0,3,1.0,0.0,1.0,3,0.0,0.0,0.0,3,0.0,0.0,0.0,3
extended_hex_r2,markov,sequential,lesion,plastic,0,0,0.68,0.2,0.016,0.5,0.6,0.6,False,0.444915540730818,0.0009008608778712904,0.4447236515389615,3,0.9706180142314617,0.003979089806149482,0.9711466034040168,3,-9.701814542853344e-05,0.005826970278176287,-0.0018135243528518,3,0.0013409546003901,0.006747684026275888,0.0049343048795466,3,-0.0027488806531632327,0.008089853653238327,-0.0068292236800156,3,0.030238908046990667,0.03412953544880822,0.017014029845607,3,0.12368831535376133,0.0347470116900013,0.1151245259984582,3,0.0,0.0,0.0,3,0.9992087112622827,5.6947106251161016e-05,0.9991850907029478,3,0.0,0.0,0.0,3,0.0,0.0,0.0,3
extended_hex_r2,ql,sequential,baseline,fixed,0,0,0.68,0.2,0.016,0.5,0.6,0.6,False,0.45124182105070093,0.000453207824520605,0.4511571380102073,3,0.5243551481704568,0.014650948850176388,0.5213268955346667,3,,,,0,0.0029878895395426333,0.004025356157214159,0.005146544106877,3,-0.0022299133796675665,0.0030624064790809647,-0.0034054597258602,3,0.9511698153453771,0.004694328348748593,0.9532421804273444,3,0.3407861356793287,0.11439797887246991,0.2811941581611381,3,0.27115587389260926,0.0034960916958670703,0.2726191821302585,3,1.0,0.0,1.0,3,0.0,0.0,0.0,3,0.0,0.0,0.0,3
extended_hex_r2,ql,sequential,baseline,plastic,0,0,0.68,0.2,0.016,0.5,0.6,0.6,False,0.4407733381492636,0.005145418110032384,0.4434030402203935,3,0.9672459426270675,0.025031442285003484,0.9810510475029844,3,,,,0,-0.008937869397251831,0.013455514382032994,-0.011774092384955,3,-0.015363104508060466,0.016979067184708343,-0.0162127052834141,3,0.005990320703993533,0.010375539812948564,0.0,3,0.07152877840695944,0.0247796952218735,0.0856444285233205,3,0.1387567844397806,0.007210106020026348,0.1348296368186418,3,1.0,0.0,1.0,3,0.0,0.0,0.0,3,0.0,0.0,0.0,3
extended_hex_r2,ql,sequential,lesion,fixed,0,0,0.68,0.2,0.016,0.5,0.6,0.6,False,0.4505082036840869,0.00032088757434903486,0.4504877114340533,3,0.5519339585829527,0.019584720603426014,0.5418138241717932,3,-0.0033776712979074336,0.009244070263652253,-0.0009664769969859,3,-0.0018804124892619334,0.009609970753880218,-0.0012180111774997,3,0.00021390807500688415,0.0027674377873823843,-6.469212060084792e-05,3,0.9416153215058647,0.010581341258428622,0.9455488861449916,3,0.19710029582771693,0.10307410443133198,0.1447337757985239,3,0.2606861278537765,0.008386382771405769,0.2645523646638925,3,1.0,0.0,1.0,3,0.0,0.0,0.0,3,0.0,0.0,0.0,3
extended_hex_r2,ql,sequential,lesion,plastic,0,0,0.68,0.2,0.016,0.5,0.6,0.6,False,0.43872849446353607,0.0019522470222928822,0.4388047588747487,3,0.955221848323625,0.01263145077665596,0.9520054163639138,3,-0.027126770739234266,0.026554381930064704,-0.0391909339279464,3,-0.025090206239166035,0.01802212278273032,-0.0332733434603417,3,-0.010827579785682198,0.026772716634766505,-0.0037252450034306,3,0.014311536665933766,0.004935989725949446,0.016557995291422,3,0.0775770673485195,0.028876607019676793,0.0643969792134032,3,0.14472401584345776,0.0037831955743286294,0.1454406855703446,3,0.9974076436130007,0.00017477617851172737,0.9973249716553289,3,0.0,0.0,0.0,3,0.0,0.0,0.0,3
extended_moore_r2,markov,sequential,baseline,fixed,0,0,0.68,0.2,0.016,0.5,0.6,0.6,False,0.45448992082087286,0.0006832722546567287,0.4546414695736936,3,0.42736777848501095,0.02433483687706808,0.4231391801987251,3,,,,0,0.004754721027984633,0.00840754070568483,0.0065353845750771,3,-0.0029207277442331,0.005201064152995943,-0.0010591022897892,3,0.9735971953850963,0.006866434772091652,0.974139023720668,3,0.24156384396170127,0.1544003223257282,0.1582247073947054,3,0.0,0.0,0.0,3,1.0,0.0,1.0,3,0.0,0.0,0.0,3,0.0,0.0,0.0,3
extended_moore_r2,markov,sequential,baseline,plastic,0,0,0.68,0.2,0.016,0.5,0.6,0.6,False,0.37297765610750583,0.015819845509917288,0.3773282563044551,3,0.8037248310136644,0.04412124776486566,0.8187202870723796,3,,,,0,0.044037439085724134,0.007543648030819101,0.0465775301457955,3,0.04407079110292336,0.008330370145851225,0.0435984941995971,3,0.31898155740043593,0.08817884793809201,0.2812977370158757,3,0.062233157643077165,0.009939444829850857,0.0575061089035225,3,0.0,0.0,0.0,3,0.9491080286281179,0.011825164434293343,0.9558487457482994,3,0.0,0.0,0.0,3,0.0,0.0,0.0,3
extended_moore_r2,markov,sequential,lesion,fixed,0,0,0.68,0.2,0.016,0.5,0.6,0.6,False,0.456959468119833,5.342229487350074e-06,0.4569619798159935,3,0.3699193149452677,0.000558094139905631,0.3697317416698149,3,0.021311784285918466,7.4889503567326756e-06,0.0213155711920343,3,0.021329647971598465,1.279252158578218e-06,0.0213299800922415,3,-0.005655479363872899,1.2146948164913415e-05,-0.0056495689214787,3,0.9852281360342516,0.0,0.9852281360342516,3,0.4903870287933121,1.1481674588627979e-05,0.4903837904087891,3,0.0,0.0,0.0,3,1.0,0.0,1.0,3,0.0,0.0,0.0,3,0.0,0.0,0.0,3
extended_moore_r2,markov,sequential,lesion,plastic,0,0,0.68,0.2,0.016,0.5,0.6,0.6,False,0.40570830962980314,0.006250466870071,0.409288482786929,3,0.8710211774861883,0.017789733059834792,0.8736750386282394,3,-0.019850695295927034,0.00976078154725222,-0.0249061994122643,3,-0.019424634641488202,0.002053696327690617,-0.0184046117716804,3,-0.019474006620608133,0.013413468341917787,-0.0230615084437744,3,0.20380927023844672,0.03678359551292539,0.2210885374144549,3,0.09714845016658526,0.010794880328622419,0.1014854002886945,3,0.0,0.0,0.0,3,0.9756811578798185,0.0012489606323465683,0.9760974702380952,3,0.0,0.0,0.0,3,0.0,0.0,0.0,3
extended_moore_r2,ql,sequential,baseline,fixed,0,0,0.68,0.2,0.016,0.5,0.6,0.6,False,0.451745254564285,0.0003053561811804827,0.4519186295926218,3,0.4928577583380141,0.0074489721592645485,0.4942096474217275,3,,,,0,0.0034324805287988002,0.01207786281705968,-0.0014122576223403,3,-0.003630981966137733,0.005144166115043806,-0.0054173248135486,3,0.9665228789548671,0.005008359474519015,0.9652471937665336,3,0.16622465910158063,0.051783991953878214,0.1622620260609946,3,0.28066038076203464,0.0010077016693263135,0.2803513326857882,3,1.0,0.0,1.0,3,0.0,0.0,0.0,3,0.0,0.0,0.0,3
extended_moore_r2,ql,sequential,baseline,plastic,0,0,0.68,0.2,0.016,0.5,0.6,0.6,False,0.3501040223833325,0.009535621751134357,0.3554442930724431,3,0.7513296962283106,0.021025739237750165,0.7607960827728437,3,,,,0,0.015785661922852967,0.04239053730420531,0.0092491748040341,3,0.027186227343608534,0.017768877388114765,0.0359352673247027,3,0.4283403198329802,0.04028914303469639,0.4199437264650465,3,0.07056443809713053,0.008578707775123302,0.0697821684953258,3,0.2106285219380286,0.006261145440100548,0.2070253991117032,3,0.927703373015873,0.006902422539940579,0.9310825892857144,3,0.0,0.0,0.0,3,0.0,0.0,0.0,3
extended_moore_r2,ql,sequential,lesion,fixed,0,0,0.68,0.2,0.016,0.5,0.6,0.6,False,0.4523508314091386,0.0004625044240867426,0.4521448076429215,3,0.476079260483703,0.005943810333586942,0.4782049498433351,3,0.02007574213182343,0.010584668258532909,0.0218540944599895,3,0.019974105207215865,0.011212665678719353,0.0219061738459992,3,-0.007098930522362033,0.005097270877415335,-0.0081441208360931,3,0.9747230980012368,0.0035188050208559214,0.9746379274566678,3,0.34755985632434166,0.09150666477757868,0.3784684010194979,3,0.27993459015263245,0.0007537212741327243,0.2802502931260656,3,1.0,0.0,1.0,3,0.0,0.0,0.0,3,0.0,0.0,0.0,3
extended_moore_r2,ql,sequential,lesion,plastic,0,0,0.68,0.2,0.016,0.5,0.6,0.6,False,0.38088888766641465,0.004422736685525083,0.3787244126935398,3,0.8061563344282353,0.007549410832102795,0.8058515542248799,3,0.003542923798779967,0.010030538157107907,0.002199337442734,3,0.0012561064778918662,0.010033863227380146,0.0021029785462688,3,-0.0136670381204069,0.014800443286699286,-0.0126876709356829,3,0.25466173432252526,0.026784121233055153,0.2409849018881092,3,0.08398087364977709,0.008509203775373541,0.0853550709455944,3,0.18930564732080835,0.002628334297431521,0.1886949372561126,3,0.960999503968254,0.0025489897080917556,0.9596354166666666,3,0.0,0.0,0.0,3,0.0,0.0,0.0,3
hex_cells,markov,sequential,baseline,fixed,0,0,0.68,0.2,0.016,0.5,0.6,0.6,False,0.46587797488804045,0.000884778759115089,0.4659022588031019,3,0.48829902840103984,0.0022382139770379442,0.4870186599964976,3,,,,0,-0.0006181926389288667,0.0033911705021343326,-0.001321514151836,3,-0.002750205233556733,0.0057610042302236614,-0.0034827827094175,3,1.295566484588157,0.01043106960809398,1.295078342356858,3,0.04115092544923907,0.004981557479577408,0.0438071612563375,3,0.0,0.0,0.0,3,1.0,0.0,1.0,3,0.0,0.0,0.0,3,0.0,0.0,0.0,3
hex_cells,markov,sequential,baseline,plastic,0,0,0.68,0.2,0.016,0.5,0.6,0.6,False,0.4251168139561276,0.00013696893869672043,0.4251599408746195,3,0.5902031612271506,0.006313259424528466,0.5884044354183048,3,,,,0,-0.008516191442247066,0.0036053829823532915,-0.0080143389905885,3,0.007138015022187299,0.006887255522158388,0.0081642518200506,3,1.3219248466873685,0.011896090518053562,1.3241242414469176,3,0.0134837359510798,0.0009996283283017042,0.0131322763075998,3,0.0,0.0,0.0,3,1.0,0.0,1.0,3,0.0,0.0,0.0,3,0.0,0.0,0.0,3
hex_cells,markov,sequential,lesion,fixed,0,0,0.68,0.2,0.016,0.5,0.6,0.6,False,0.4643252906637137,0.0009402973020219097,0.4642783548650824,3,0.49413932354407436,0.00361840229684666,0.4958429791337002,3,0.0060914321489812665,0.0012422065400262208,0.006668666535545,3,0.0046763947315795,0.006801624744498568,0.0083058854053359,3,0.002205619048627233,0.0064066277539244045,0.0052831131727258,3,1.293013609062898,0.011711173401776033,1.29074049156348,3,0.022674079490124233,0.003526662213594562,0.023628878318447,3,0.0,0.0,0.0,3,1.0,0.0,1.0,3,0.0,0.0,0.0,3,0.0,0.0,0.0,3
hex_cells,markov,sequential,lesion,plastic,0,0,0.68,0.2,0.016,0.5,0.6,0.6,False,0.42598565704519115,0.0010359882041010356,0.4260634035637541,3,0.5696523927527738,0.00561933882857368,0.5688031735909266,3,0.005938360911180967,0.009238919081107926,0.0034705491550791,3,-0.0017045504400299335,0.013943230564471689,-0.0082658030000517,3,0.009745893906725468,0.008739351327895854,0.0082933475055083,3,1.3287744804998114,0.007493506650757349,1.330723051030808,3,0.020767697963078636,0.007156621763727589,0.0188660207296721,3,0.0,0.0,0.0,3,1.0,0.0,1.0,3,0.0,0.0,0.0,3,0.0,0.0,0.0,3
hex_cells,ql,sequential,baseline,fixed,0,0,0.68,0.2,0.016,0.5,0.6,0.6,False,0.4604718524971054,0.0009892051011465132,0.4605293513589246,3,0.5474265368707834,0.0023652990828063923,0.5461045361938514,3,,,,0,0.00046402922793136657,0.008820226757316148,0.0001675088129578,3,-0.0037538359480592,0.004695538854841119,-0.0056595885831591,3,1.2390461923065457,0.01388741789465148,1.231717205046872,3,0.02871015855180767,0.009601108668346866,0.0281396225951739,3,0.2963202540214716,0.0007419746510275018,0.2965290091547721,3,1.0,0.0,1.0,3,0.0,0.0,0.0,3,0.0,0.0,0.0,3
hex_cells,ql,sequential,baseline,plastic,0,0,0.68,0.2,0.016,0.5,0.6,0.6,False,0.4202327241476987,9.240883857150339e-05,0.4202489298908778,3,0.6191082435772993,0.002827381142801731,0.6181409701896069,3,,,,0,-0.0012118453990788336,0.006636211271527733,-0.0037133175245484,3,-0.005301118845918033,0.008404163186468581,-0.0027145800609032,3,1.2757573356017067,0.010887601790279582,1.2793476337434788,3,0.0156473079962952,0.0033927843029573864,0.0137866570002337,3,0.2784610459057438,0.0011848389000201696,0.2786207385903571,3,1.0,0.0,1.0,3,0.0,0.0,0.0,3,0.0,0.0,0.0,3
hex_cells,ql,sequential,lesion,fixed,0,0,0.68,0.2,0.016,0.5,0.6,0.6,False,0.45958857147409665,0.0013545425010086953,0.459524605689228,3,0.5478970439424207,0.005738536668540566,0.5491922457492643,3,0.01783696861505747,0.012391112189642653,0.0195567145542895,3,0.01839409163501717,0.00901286092075767,0.0192083784490406,3,-0.0017649026977229667,0.00393074358104923,-0.0025206661267246,3,1.2272720569697573,0.02168151364428048,1.2258612574207737,3,0.01872756169796407,0.0046485299715091485,0.0205986604654272,3,0.2959325546249625,0.0014956326090704323,0.2955617922837786,3,1.0,0.0,1.0,3,0.0,0.0,0.0,3,0.0,0.0,0.0,3
hex_cells,ql,sequential,lesion,plastic,0,0,0.68,0.2,0.016,0.5,0.6,0.6,False,0.42233841204327754,0.001385823882937222,0.4219140715525316,3,0.6094506139371415,0.0023926508337088416,0.6082101190773915,3,0.004346820499424854,0.008212163764126828,-2.801554761043793e-05,3,0.0021080851619380333,0.00816370913799458,-0.001953531989721,3,0.0014556393527042,0.0015945947744924593,0.0009423423172915,3,1.3050451770611053,0.0059822721662971985,1.3017599952782486,3,0.0177757727449501,0.0025979702163430873,0.0179334229453245,3,0.27848952230316243,0.0012138259836196525,0.2781971648500784,3,1.0,0.0,1.0,3,0.0,0.0,0.0,3,0.0,0.0,0.0,3
honeycomb,markov,sequential,baseline,fixed,0,0,0.68,0.2,0.016,0.5,0.6,0.6,False,0.39019703140709483,0.003417213693089977,0.3905784441659806,3,0.6784334876545093,0.004035621309757184,0.6787974556198327,3,,,,0,0.00041822004287763326,0.005446839672537783,0.0017972608670598,3,-0.0037035307491402,0.005834578405208054,-0.0021149621266061,3,1.5600475454470333,0.010419048702127915,1.555766220188639,3,0.0036086308166938335,0.000304259035546039,0.0036407095390418,3,0.0,0.0,0.0,3,1.0,0.0,1.0,3,0.0,0.0,0.0,3,0.0,0.0,0.0,3
honeycomb,markov,sequential,baseline,plastic,0,0,0.68,0.2,0.016,0.5,0.6,0.6,False,0.3893813645177664,0.0010344170417857768,0.388982522190251,3,0.676601263135259,0.0032238909995845463,0.677577882214071,3,,,,0,-0.009133593017122866,0.003393389460224013,-0.0085199962752509,3,-0.003467172041526967,0.005067375420770906,-0.0060958048702095,3,1.5748279089165986,0.018971642774963195,1.576630854623638,3,0.0036866917036091334,0.0003227191357303549,0.0037274452557453,3,0.0,0.0,0.0,3,1.0,0.0,1.0,3,0.0,0.0,0.0,3,0.0,0.0,0.0,3
honeycomb,markov,sequential,lesion,fixed,0,0,0.68,0.2,0.016,0.5,0.6,0.6,False,0.20333149092864858,0.021548763759369077,0.1974883910122394,3,0.35494112193121535,0.03938042304859103,0.3468766556398932,3,0.15726089994249234,0.018469041483010814,0.1467669903888293,3,0.1719445727555097,0.022358843871367832,0.1724137842616416,3,0.17589540391429148,0.019842322349584975,0.1782584469010154,3,1.3834579966122116,0.06723163777967761,1.368113425847156,3,0.17017096620534566,0.008423315098970142,0.1747466986836544,3,0.0,0.0,0.0,3,1.0,0.0,1.0,3,0.0,0.0,0.0,3,0.0,0.0,0.0,3
honeycomb,markov,sequential,lesion,plastic,0,0,0.68,0.2,0.016,0.5,0.6,0.6,False,0.19164750286635254,0.02274809479846915,0.18155474424761,3,0.33961764271057965,0.03909356621854324,0.3202640833834881,3,0.15678367005289984,0.0033912672869673977,0.1557446508269712,3,0.19091356402911516,0.02558822859297993,0.1943855247158844,3,0.18162138610541204,0.02446287636290822,0.1938043468985002,3,1.3359580142770737,0.07364688725646173,1.3078692888060297,3,0.17371949070730605,0.010639955884489575,0.1793704623461264,3,0.0,0.0,0.0,3,1.0,0.0,1.0,3,0.0,0.0,0.0,3,0.0,0.0,0.0,3
honeycomb,ql,sequential,baseline,fixed,0,0,0.68,0.2,0.016,0.5,0.6,0.6,False,0.38876843129670496,0.002366312925565936,0.3885382699721,3,0.6925088470590203,0.001646650939521268,0.6930018720902188,3,,,,0,0.00022930573109806657,0.002752805135956951,-0.0002866323150188,3,-0.003641771041208634,0.011845440576717499,-0.007482629661736,3,1.5419323645931133,0.005841909601547252,1.5393643033201505,3,0.0032495869940601997,0.00032877111864157893,0.0034161241446268,3,0.2913674539669491,0.0006215327637721925,0.2912060715473124,3,1.0,0.0,1.0,3,0.0,0.0,0.0,3,0.0,0.0,0.0,3
honeycomb,ql,sequential,baseline,plastic,0,0,0.68,0.2,0.016,0.5,0.6,0.6,False,0.3875903547681446,0.0007234659524578193,0.3877952082193206,3,0.6897243796176334,0.0035625065670025265,0.6895539153281284,3,,,,0,0.0067552309792809325,0.0026764586031937897,0.0070472930678655,3,-0.0075845189361326,0.017328163915583145,-0.0163247852039937,3,1.548400443294965,0.018493516807570238,1.555333126853365,3,0.0031741144643982005,0.0001253403642564587,0.0031839101947018,3,0.2926703412924811,0.0053736118772804865,0.2901141239685609,3,1.0,0.0,1.0,3,0.0,0.0,0.0,3,0.0,0.0,0.0,3
honeycomb,ql,sequential,lesion,fixed,0,0,0.68,0.2,0.016,0.5,0.6,0.6,False,0.3913759914896629,0.002051035118888969,0.39178823213873,3,0.6951547672720979,0.004623831073239294,0.6973744551694677,3,0.009719886481025833,0.01075896473015223,0.0092057114665368,3,0.0033364636778689997,0.009404182483771678,0.0035260363518638,3,0.0014990344408678004,0.007007394000835843,-0.0013040440233804,3,1.5305654936343889,0.005926859637674859,1.5288118362417975,3,0.0035794295180867,0.0005562429897811027,0.00385362696586,3,0.29064205050965186,0.0010826845897574894,0.2906200442230667,3,1.0,0.0,1.0,3,0.0,0.0,0.0,3,0.0,0.0,0.0,3
honeycomb,ql,sequential,lesion,plastic,0,0,0.68,0.2,0.016,0.5,0.6,0.6,False,0.38922999910303396,0.0006409341868046465,0.389365493392069,3,0.6906726514656052,0.0008426671705914221,0.6910946271166586,3,-0.002653739622028433,0.012018624462491497,0.0032480753931485,3,0.006650361869039434,0.006543603854382555,0.0086605062090535,3,-0.008405508468317432,0.01290028919675469,-0.0031637469678285,3,1.5391096799658641,0.013262521021201797,1.534663404928357,3,0.0032506377507332002,0.0002689913558163638,0.0033509764830582,3,0.29214943934255305,0.0020952945687726476,0.2933423361597447,3,1.0,0.0,1.0,3,0.0,0.0,0.0,3,0.0,0.0,0.0,3
honeycomb_nnn,markov,sequential,baseline,fixed,0,0,0.68,0.2,0.016,0.5,0.6,0.6,False,0.48050028660584826,0.001668539244055321,0.4796626222898826,3,0.14760972559509336,0.011032994402207908,0.1517327232851502,3,,,,0,-0.001629682237130267,0.008133169231215737,-0.0042421569416883,3,-0.0007519812846830667,0.0032350033218833695,-0.0020915373519442,3,0.9987270330639034,0.00023180710678119375,0.9987342176462516,3,0.04010088334291263,0.012376726728313811,0.0420248277018141,3,0.0,0.0,0.0,3,1.0,0.0,1.0,3,0.0,0.0,0.0,3,0.0,0.0,0.0,3
honeycomb_nnn,markov,sequential,baseline,plastic,0,0,0.68,0.2,0.016,0.5,0.6,0.6,False,0.4087046736400221,0.0012697127804154348,0.409004652021638,3,0.617064507545042,0.015938418104819576,0.6192137108235187,3,,,,0,0.007739279892452134,0.012329460958158135,0.0009359876892221,3,0.011418591118597101,0.00872375478969786,0.0150446505222633,3,0.9484452708888392,0.02796412731741847,0.9370445849755972,3,0.06738686614401197,0.015080078316945801,0.0704041077891013,3,0.0,0.0,0.0,3,1.0,0.0,1.0,3,0.0,0.0,0.0,3,0.0,0.0,0.0,3
honeycomb_nnn,markov,sequential,lesion,fixed,0,0,0.68,0.2,0.016,0.5,0.6,0.6,False,0.4830324571822335,0.0006332731972549361,0.4829738850191066,3,0.128626284831587,0.00517057603863989,0.1310444476225541,3,0.0018243097032091332,0.009648613577591267,0.0044963817362961,3,0.0015457395400543673,0.009423078039499927,0.0040568364456488,3,-0.002783353156098567,0.008736470935228575,-0.0076631277943226,3,0.9992259158000508,0.00013275381237035541,0.9991545641890922,3,0.0326444014834799,0.005914356151568032,0.0326653386251164,3,0.0,0.0,0.0,3,1.0,0.0,1.0,3,0.0,0.0,0.0,3,0.0,0.0,0.0,3
honeycomb_nnn,markov,sequential,lesion,plastic,0,0,0.68,0.2,0.016,0.5,0.6,0.6,False,0.4197902378896607,0.0010379008379709628,0.4200596438228755,3,0.5488941391526283,0.004530184042905561,0.5492900012671935,3,-0.009952906895388866,0.009463591931009135,-0.0046010249956343,3,-0.012282226218352565,0.008478925499216321,-0.0110472337634303,3,-0.005391573013598233,0.00918906223642008,-0.0017594815405568,3,1.0512992735090316,0.024431830018898006,1.0601149859405152,3,0.046247784652216406,0.0007757371714095388,0.0465131975147373,3,0.0,0.0,0.0,3,1.0,0.0,1.0,3,0.0,0.0,0.0,3,0.0,0.0,0.0,3
honeycomb_nnn,ql,sequential,baseline,fixed,0,0,0.68,0.2,0.016,0.5,0.6,0.6,False,0.48166857543948693,0.0013339707420650078,0.4818596838712478,3,0.26487587027718745,0.00642137709084574,0.2634756703908918,3,,,,0,0.0054129333528382005,0.008837979818796483,0.0079229089663771,3,0.003834735176154366,0.005539139100094071,0.0052785299739016,3,0.9984813022381241,0.00024501189062932333,0.9986161030361664,3,0.03428485120368557,0.009253795398977534,0.0313718946789494,3,0.33075883743833695,0.0019893573234098525,0.331281369600561,3,1.0,0.0,1.0,3,0.0,0.0,0.0,3,0.0,0.0,0.0,3
honeycomb_nnn,ql,sequential,baseline,plastic,0,0,0.68,0.2,0.016,0.5,0.6,0.6,False,0.39876537209681234,0.007383054804163248,0.3964750632108462,3,0.6492067364006825,0.021179323106372126,0.6391677729609931,3,,,,0,-0.0045537934554122335,0.004104500096112088,-0.0065435278420465,3,0.002945016704480033,0.01408193490929989,-0.0030931748766128,3,0.8876604078610408,0.06915794467279311,0.9042188202949862,3,0.0628296394815158,0.012774828223294702,0.0591130315549363,3,0.25982526936901057,0.0020098064183822883,0.2609672364447838,3,1.0,0.0,1.0,3,0.0,0.0,0.0,3,0.0,0.0,0.0,3
honeycomb_nnn,ql,sequential,lesion,fixed,0,0,0.68,0.2,0.016,0.5,0.6,0.6,False,0.4837105170769394,0.002274244799564962,0.4846315422163521,3,0.25359016262766737,0.008728388568535108,0.2498506639933344,3,0.012520952263570034,0.006484725227515462,0.0145820417975098,3,0.012641719670865066,0.0062436816689523346,0.0145636636071913,3,0.0019189316575472,0.011961346965766074,0.0075779047553919,3,0.9990572732002282,0.00020431925194298555,0.9991010467870494,3,0.028387000873434834,0.005903873015845992,0.025661876673159,3,0.33211643922317946,0.0024189460977383833,0.3327154378215496,3,1.0,0.0,1.0,3,0.0,0.0,0.0,3,0.0,0.0,0.0,3
honeycomb_nnn,ql,sequential,lesion,plastic,0,0,0.68,0.2,0.016,0.5,0.6,0.6,False,0.4148904432160454,0.007378512941055641,0.4112222643598742,3,0.575310717946568,0.01594053568223416,0.5838425771845569,3,-0.003284421673967699,0.0192971891351727,-0.0121447718603152,3,-0.0048202977667363995,0.015707081590835368,-0.0068758843311204,3,0.00015581751667843332,0.001083514832035727,0.0002926648358364,3,1.0203845118574448,0.030899166258967943,1.008392990839395,3,0.05774197875120037,0.009236859529398202,0.0588725413610007,3,0.2669062909447502,0.0014997691872279965,0.2675504592787816,3,0.9999763794406652,2.0456004435664972e-05,0.9999645691609976,3,0.0,0.0,0.0,3,0.0,0.0,0.0,3
square_moore,markov,sequential,baseline,fixed,0,0,0.68,0.2,0.016,0.5,0.6,0.6,False,0.41385985352092197,0.0002234320519009113,0.4139436602348083,3,0.6043776063202775,0.0019042786752679023,0.6036328802204406,3,,,,0,-0.00023688896570976247,0.004691793793193981,-7.448644577518736e-05,3,0.008602466694010534,0.004465335719281732,0.0075061790227308,3,1.3913420981531417,0.005912858459213651,1.390026922399924,3,0.14196128607430047,0.07274961332922286,0.1728168547069487,3,0.0,0.0,0.0,3,1.0,0.0,1.0,3,0.0,0.0,0.0,3,0.0,0.0,0.0,3
square_moore,markov,sequential,baseline,plastic,0,0,0.68,0.2,0.016,0.5,0.6,0.6,False,0.4034705880627512,0.002584277929463682,0.403977925121592,3,0.5185569450663149,0.007076386016343522,0.5196969646866147,3,,,,0,-0.0019029634052043665,0.005592384266602988,-0.0045184327057987,3,-0.0003666928748699335,0.0056675430251143894,0.0012384476583126,3,1.5623051622692572,0.012408879101298636,1.5683538455023165,3,0.07785409404128434,0.0626803837861709,0.0486711763503849,3,0.0,0.0,0.0,3,1.0,0.0,1.0,3,0.0,0.0,0.0,3,0.0,0.0,0.0,3
square_moore,markov,sequential,lesion,fixed,0,0,0.68,0.2,0.016,0.5,0.6,0.6,False,0.4151109260461096,0.0017844564585951011,0.4153406122190382,3,0.5975726227870392,0.00787710370265429,0.5993541200570621,3,-0.0006020262497493,0.006037577441975452,0.0003363640270357,3,-0.00017557929726063314,0.005149091954563634,-0.0007971849930089,3,0.0023368858290182333,0.004136712928705391,0.004187103371917,3,1.3927490325053256,0.016514380044214107,1.3879571718722044,3,0.09989636404858755,0.030102699601010544,0.0879288745032881,3,0.0,0.0,0.0,3,1.0,0.0,1.0,3,0.0,0.0,0.0,3,0.0,0.0,0.0,3
square_moore,markov,sequential,lesion,plastic,0,0,0.68,0.2,0.016,0.5,0.6,0.6,False,0.4085147472248183,0.0020306499928458848,0.4083641400546926,3,0.49604192463581337,0.006224612934412168,0.4931276772258157,3,-0.0022776289527559335,0.005954584270814719,-0.0030391930921166,3,-0.0013936915779997332,0.006615156496857076,-0.0038107499047498,3,0.005414208176457134,0.0008169992825109749,0.0056728893826119,3,1.5621161084609012,0.006992991179228382,1.5581406955949084,3,0.058422167074398734,0.01657715749888615,0.0587585032696718,3,0.0,0.0,0.0,3,0.9999601403061223,0.0,0.9999601403061223,3,0.0,0.0,0.0,3,0.0,0.0,0.0,3
square_moore,ql,sequential,baseline,fixed,0,0,0.68,0.2,0.016,0.5,0.6,0.6,False,0.41392765191181913,0.00038971671179217595,0.4140150717979892,3,0.6055297598185655,4.4092730197714384e-05,0.6055249205926209,3,,,,0,0.003082135079681733,0.007916047879153126,0.0071577747782512,3,0.001349600213530533,0.009589329541168614,0.0055996840275639,3,1.3787370495906808,0.005552409978353477,1.3765398841087826,3,0.08976909661845063,0.023033909637712218,0.0924079970230837,3,0.31916386009564945,0.00032642281422257195,0.3192810152676615,3,1.0,0.0,1.0,3,0.0,0.0,0.0,3,0.0,0.0,0.0,3
square_moore,ql,sequential,baseline,plastic,0,0,0.68,0.2,0.016,0.5,0.6,0.6,False,0.3984442787083966,0.00028600991268567545,0.3985728246380262,3,0.553282820177409,0.005544323864748799,0.550278167619215,3,,,,0,-0.0027266585523586418,0.004161864360442966,-0.0007588423726657,3,0.0006713902768597001,0.001608982745162988,0.0012959276166564,3,1.5490061111323499,0.007346499892739121,1.5456375741412824,3,0.0715988528089343,0.026622448883994444,0.078543601821822,3,0.29046708734315163,0.0006263005578637173,0.2904075709505709,3,1.0,0.0,1.0,3,0.0,0.0,0.0,3,0.0,0.0,0.0,3
square_moore,ql,sequential,lesion,fixed,0,0,0.68,0.2,0.016,0.5,0.6,0.6,False,0.4131714916730689,0.0006605797867387565,0.4133000460523399,3,0.6068681514135932,0.004951155607072826,0.6086369359710134,3,0.0064807687437417995,0.002255047886504884,0.0069791583579088,3,0.008109779077937933,0.01212795452404059,0.0147773102171281,3,0.0006720042087654665,0.0030261133555361916,-0.0003709381621914,3,1.3857056240193257,0.012835423782017649,1.382146720170803,3,0.15000689519331967,0.04287467124198965,0.1742957511418715,3,0.31850909828223123,0.0006879495809143019,0.3182032912297661,3,1.0,0.0,1.0,3,0.0,0.0,0.0,3,0.0,0.0,0.0,3
square_moore,ql,sequential,lesion,plastic,0,0,0.68,0.2,0.016,0.5,0.6,0.6,False,0.4069697070364135,0.0014446457799858047,0.4070140832469535,3,0.5197542257675877,0.011983499203859776,0.5264203065735702,3,0.0021067537673001673,0.00936030196738452,0.0016661970828785,3,0.0005102438690318001,0.004040586114504664,-0.0014752363312717,3,0.0006251176744855669,0.006056377872596641,-0.0011223982870413,3,1.5578341107936,0.006290172329475218,1.5548630667713104,3,0.05643826536999184,0.014092945647921313,0.051228963369529,3,0.29473983693355893,0.0006585934574541268,0.2949134295648103,3,0.9999601403061223,3.9859693877625224e-05,0.9999601403061223,3,0.0,0.0,0.0,3,0.0,0.0,0.0,3
square_vn,markov,sequential,baseline,fixed,0,0,0.68,0.2,0.016,0.5,0.6,0.6,False,0.40381294863537615,0.0025087121205643265,0.40312240946771,3,0.704796542378937,0.0016235259909045529,0.7044455136544666,3,,,,0,-0.0035501850770434666,0.0006409062719205587,-0.003259950982786,3,-0.0017701881615466333,0.005054665682241342,-0.0019417983415235,3,1.4745782388245212,0.0024588685786277116,1.4732742458056804,3,0.0039721489754043,0.0005609155772602677,0.0037329095376482,3,0.0,0.0,0.0,3,1.0,0.0,1.0,3,0.0,0.0,0.0,3,0.0,0.0,0.0,3
square_vn,markov,sequential,baseline,plastic,0,0,0.68,0.2,0.016,0.5,0.6,0.6,False,0.405362134685099,0.0009335710481717728,0.4050186583963843,3,0.7057658991019006,0.0011068337987527968,0.7059429725516401,3,,,,0,-0.0006825085046971669,0.010648713318633447,0.0013573023155777,3,-0.0006439951602201666,0.009505461988060664,-0.0025874680653043,3,1.4810565199254064,0.0028534399876790715,1.480365503459666,3,0.004518248628297,0.0011278558980562152,0.0039142429341054,3,0.0,0.0,0.0,3,1.0,0.0,1.0,3,0.0,0.0,0.0,3,0.0,0.0,0.0,3
square_vn,markov,sequential,lesion,fixed,0,0,0.68,0.2,0.016,0.5,0.6,0.6,False,0.19798692044912944,0.005248128715770792,0.1999404448510911,3,0.3481739519720895,0.008634867855273103,0.3508675374614304,3,0.15861744159464827,0.005035910047473208,0.1600480796667055,3,0.18765721855072529,0.0012903966450674006,0.1874488983125737,3,0.17485140109440225,0.0004830309220612912,0.1746004867667179,3,1.3407416329713555,0.025098429530292683,1.3438953722009044,3,0.08217443212830812,0.008843871922486408,0.0778768519426729,3,0.0,0.0,0.0,3,1.0,0.0,1.0,3,0.0,0.0,0.0,3,0.0,0.0,0.0,3
square_vn,markov,sequential,lesion,plastic,0,0,0.68,0.2,0.016,0.5,0.6,0.6,False,0.19423937193143634,0.007197339394555751,0.1925329601762666,3,0.3408713471812764,0.012070189875913368,0.3363445334016585,3,0.1674997004757275,0.012421761330477505,0.1684118342532925,3,0.19239747696652446,0.00598378109259875,0.1944265906449285,3,0.1880294543539034,0.0034438857523688146,0.1869682385837213,3,1.3361757305431128,0.02542211639322869,1.3291850346381178,3,0.08077415601847147,0.007927350568949387,0.0763067545588408,3,0.0,0.0,0.0,3,1.0,0.0,1.0,3,0.0,0.0,0.0,3,0.0,0.0,0.0,3
square_vn,ql,sequential,baseline,fixed,0,0,0.68,0.2,0.016,0.5,0.6,0.6,False,0.4039292279733609,0.0012085462810355002,0.4041537485306967,3,0.7139499235414478,0.0007585573526491146,0.7139968269657663,3,,,,0,-0.00045906182948433357,0.008728276856082585,0.0032597811174681,3,0.0018454574408082666,0.0038199525953608064,0.0015138103897501,3,1.4595890410715464,0.0037713152876045924,1.461424865772844,3,0.0036372384411283,0.00044306489157074633,0.0034203753911626,3,0.2630102281947822,0.0008789189154371655,0.2626505957345011,3,1.0,0.0,1.0,3,0.0,0.0,0.0,3,0.0,0.0,0.0,3
square_vn,ql,sequential,baseline,plastic,0,0,0.68,0.2,0.016,0.5,0.6,0.6,False,0.4001621508081996,0.002695447351606329,0.3998707218060929,3,0.7108879646413878,0.0024493308149845763,0.7104997967700916,3,,,,0,0.0032489747726592334,0.006936552552238941,0.0001378267539027,3,-0.005566295078567501,0.010223007779399211,-0.0087618783368625,3,1.4682634102036045,0.013967816690439814,1.4734989831584808,3,0.0036307855580331,0.00048191350800772957,0.0033701661919149,3,0.26239263527521406,0.0008642067726087267,0.262451030760703,3,1.0,0.0,1.0,3,0.0,0.0,0.0,3,0.0,0.0,0.0,3
square_vn,ql,sequential,lesion,fixed,0,0,0.68,0.2,0.016,0.5,0.6,0.6,False,0.40228931272190566,0.0018442056316107915,0.4014861195313634,3,0.711737405400437,0.004686978474322466,0.7112058326434757,3,0.001672583742615501,0.015446915888301995,-0.0014174245233017,3,0.002458607179048367,0.006981410399512392,-0.0003784221866229,3,-0.0017111419884341663,0.005355424047816246,-0.0044843978731534,3,1.4667134894047038,0.007399074711243069,1.4708611270080911,3,0.0042667748858492005,0.0001706046942183089,0.0042501696100499,3,0.2665103360110812,0.0020108494444120305,0.267170389726499,3,1.0,0.0,1.0,3,0.0,0.0,0.0,3,0.0,0.0,0.0,3
square_vn,ql,sequential,lesion,plastic,0,0,0.68,0.2,0.016,0.5,0.6,0.6,False,0.40113996310790784,0.0011429140634453474,0.4009752004171525,3,0.7109764569959012,0.0011765720844332265,0.7104498495671453,3,-0.016039696889736166,0.02344285533131979,-0.0079768845267977,3,-0.009910853755389833,0.0017641948129551407,-0.0097657272811243,3,0.0005920022827734336,0.004329673743742351,-0.000694950211385,3,1.448444618607529,0.007754838600112725,1.4510723633935818,3,0.0042005712945481005,9.00353028351461e-05,0.004186926220532,3,0.2663407745673135,0.0024751526210226664,0.2667898057123283,3,1.0,0.0,1.0,3,0.0,0.0,0.0,3,0.0,0.0,0.0,3
