L,T,activity_late,alpha_async,autocorr_late,bias_mean_late,block_fraction,coherence_late,config_id,corr_A_late,corr_B_late,dephase,diagonal_ablation,entropy_late,eta_intrinsic,eta_weight,formalism,gamma,geometry,imprint_duration,imprint_start,imprint_strength,interface_density_late,intrinsic_bias_limit,intrinsic_enabled,intrinsic_target_activity,lesion_fraction,lesion_time,memory_mean_late,memory_strength,metric_stride,neighbor_pattern_entropy_late,orientation_anisotropy_late,p0,plasticity,profile,save_dense,schedule,second_imprint_duration,second_imprint_start,second_lesion_time,seed,sensitivity_point,sequential_events_per_sweep,sigma_birth,sigma_survive,snapshot_every,spectral_peak_fraction_late,structural_additions_total,structural_enabled,structural_interval,structural_link_fraction_late,structural_min_degree,structural_removals_total,structural_rewire_probability,structural_swap_tolerance,structural_target_fraction,structural_utility_tau,task,tau_memory,theta_input,theta_memory,theta_phase,weight_decay,weight_sum,repair_reference_corr
56,320,0.40312240946771,0.5,-0.2449973761800883,0.0,0.125,0.0,square_vn__markov__fixed__intr0__struct0__sequential__baseline__s1__c27379a411,-0.0031057395937439,-0.006736863414798,0.25,False,0.7033772461664989,0.002,0.016,markov,0.68,square_vn,40,100,0.9,0.3674558752501123,0.3,0,0.42,0.08,210,0.4054339398209796,0.2,20,1.4732742458056804,3.3405296295771e-18,0.2,fixed,sequential_exact,False,sequential,40,180,280,1,-1,1.0,0.6,0.6,80,0.0037329095376482,0,0,40,1.0,2,0,0.25,0.01,0.75,50.0,baseline,30.0,0.45,0.2,0.1,0.002,8.0,
56,320,0.4649813041456852,0.5,-0.426790096039068,0.0,0.125,0.0,hex_cells__markov__fixed__intr0__struct0__sequential__baseline__s1__6cdbdaaf57,-0.0036025536917052,0.0033420478268307,0.25,False,0.4908834590816402,0.002,0.016,markov,0.68,hex_cells,40,100,0.9,0.5548607626450472,0.3,0,0.42,0.08,210,0.4660197503417485,0.2,20,1.295078342356858,1.5807281070203482e-18,0.2,fixed,sequential_exact,False,sequential,40,180,280,1,-1,1.0,0.6,0.6,80,0.0438071612563375,0,0,40,1.0,2,0,0.25,0.01,0.75,50.0,baseline,30.0,0.45,0.2,0.1,0.002,8.0,
56,320,0.4550846952537393,0.5,-0.2874012960342016,0.0,0.125,0.0,extended_moore_r2__markov__fixed__intr0__struct0__sequential__baseline__s1__8ac681e022,0.0065353845750771,-0.0087964197747449,0.25,False,0.4054243656996801,0.002,0.016,markov,0.68,extended_moore_r2,40,100,0.9,0.518467479569939,0.3,0,0.42,0.08,210,0.4550629356646333,0.2,20,0.9801766639088444,7.228983375911331e-18,0.2,fixed,sequential_exact,False,sequential,40,180,280,1,-1,1.0,0.6,0.6,80,0.1582247073947054,0,0,40,1.0,2,0,0.25,0.01,0.75,50.0,baseline,30.0,0.45,0.2,0.1,0.002,8.0,
56,320,0.4796626222898826,0.5,-0.3201534635925633,0.0,0.125,0.0,honeycomb_nnn__markov__fixed__intr0__struct0__sequential__baseline__s1__fa73378c4b,0.0074887042229249,0.0029376375807786,0.25,False,0.1517327232851502,0.002,0.016,markov,0.68,honeycomb_nnn,40,100,0.9,0.6252354014753327,0.3,0,0.42,0.08,210,0.4793300821529438,0.2,20,0.9987342176462516,2.756525570272301e-18,0.2,fixed,sequential_exact,False,sequential,40,180,280,1,-1,1.0,0.6,0.6,80,0.0420248277018141,0,0,40,1.0,2,0,0.25,0.01,0.75,50.0,baseline,30.0,0.45,0.2,0.1,0.002,8.0,
56,320,0.4017218267795376,0.5,-0.2391212219754179,0.0,0.125,0.0,square_vn__markov__fixed__intr0__struct0__sequential__baseline__s2__989fc10a72,-0.0042848646546005,0.0033680972716816,0.25,False,0.7044455136544666,0.002,0.016,markov,0.68,square_vn,40,100,0.9,0.3651468952610641,0.3,0,0.42,0.08,210,0.4044209335690068,0.2,20,1.477414436868158,2.994395877660589e-18,0.2,fixed,sequential_exact,False,sequential,40,180,280,2,-1,1.0,0.6,0.6,80,0.0035705205255759,0,0,40,1.0,2,0,0.25,0.01,0.75,50.0,baseline,30.0,0.45,0.2,0.1,0.002,8.0,
56,320,0.4659022588031019,0.5,-0.4247228446288673,0.0,0.125,0.0,hex_cells__markov__fixed__intr0__struct0__sequential__baseline__s2__bf684aa436,0.0030694899267546,-0.0034827827094175,0.25,False,0.4869949661249818,0.002,0.016,markov,0.68,hex_cells,40,100,0.9,0.556939336459895,0.3,0,0.42,0.08,210,0.4653076109176309,0.2,20,1.3062330554538863,1.898529102711753e-18,0.2,fixed,sequential_exact,False,sequential,40,180,280,2,-1,1.0,0.6,0.6,80,0.0442414298903975,0,0,40,1.0,2,0,0.25,0.01,0.75,50.0,baseline,30.0,0.45,0.2,0.1,0.002,8.0,
56,320,0.4546414695736936,0.5,-0.287232618081579,0.0,0.125,0.0,extended_moore_r2__markov__fixed__intr0__struct0__sequential__baseline__s2__b1934f622a,-0.0044005165960108,0.0010933388318348,0.25,False,0.4231391801987251,0.002,0.016,markov,0.68,extended_moore_r2,40,100,0.9,0.5149594284100018,0.3,0,0.42,0.08,210,0.4545915868714557,0.2,20,0.974139023720668,9.537247352306239e-18,0.2,fixed,sequential_exact,False,sequential,40,180,280,2,-1,1.0,0.6,0.6,80,0.1467401861440865,0,0,40,1.0,2,0,0.25,0.01,0.75,50.0,baseline,30.0,0.45,0.2,0.1,0.002,8.0,
56,320,0.482421703895952,0.5,-0.3222123792952642,0.0,0.125,0.0,honeycomb_nnn__markov__fixed__intr0__struct0__sequential__baseline__s2__c604414016,-0.0042421569416883,-0.0020915373519442,0.25,False,0.1351089914804204,0.002,0.016,markov,0.68,honeycomb_nnn,40,100,0.9,0.6292599518605876,0.3,0,0.42,0.08,210,0.4823689262181385,0.2,20,0.998955164360408,3.584126549376633e-18,0.2,fixed,sequential_exact,False,sequential,40,180,280,2,-1,1.0,0.6,0.6,80,0.0514029721990751,0,0,40,1.0,2,0,0.25,0.01,0.75,50.0,baseline,30.0,0.45,0.2,0.1,0.002,8.0,
56,320,0.406594609658881,0.5,-0.2460082232107887,0.0,0.125,0.0,square_vn__markov__fixed__intr0__struct0__sequential__baseline__s3__ceb386f284,-0.003259950982786,-0.0019417983415235,0.25,False,0.7065668673158457,0.002,0.016,markov,0.68,square_vn,40,100,0.9,0.3671151741508687,0.3,0,0.42,0.08,210,0.404986752337269,0.2,20,1.473046033799725,4.1069887407626425e-18,0.2,fixed,sequential_exact,False,sequential,40,180,280,3,-1,1.0,0.6,0.6,80,0.0046130168629888,0,0,40,1.0,2,0,0.25,0.01,0.75,50.0,baseline,30.0,0.45,0.2,0.1,0.002,8.0,
56,320,0.4667503617153343,0.5,-0.4271287186975641,0.0,0.125,0.0,hex_cells__markov__fixed__intr0__struct0__sequential__baseline__s3__30fbab8757,-0.001321514151836,-0.0081098808180834,0.25,False,0.4870186599964976,0.002,0.016,markov,0.68,hex_cells,40,100,0.9,0.5571890981277327,0.3,0,0.42,0.08,210,0.466592315339382,0.2,20,1.2853880559537263,2.5564512788703695e-18,0.2,fixed,sequential_exact,False,sequential,40,180,280,3,-1,1.0,0.6,0.6,80,0.0354041852009822,0,0,40,1.0,2,0,0.25,0.01,0.75,50.0,baseline,30.0,0.45,0.2,0.1,0.002,8.0,
56,320,0.4537435976351856,0.5,-0.2889756090510789,0.0,0.125,0.0,extended_moore_r2__markov__fixed__intr0__struct0__sequential__baseline__s3__ed3f5ac8de,0.0121292951048876,-0.0010591022897892,0.25,False,0.4535397895566276,0.002,0.016,markov,0.68,extended_moore_r2,40,100,0.9,0.510372560913003,0.3,0,0.42,0.08,210,0.4536631196120587,0.2,20,0.9664758985257764,1.4011304932743485e-18,0.2,fixed,sequential_exact,False,sequential,40,180,280,3,-1,1.0,0.6,0.6,80,0.4197266383463119,0,0,40,1.0,2,0,0.25,0.01,0.75,50.0,baseline,30.0,0.45,0.2,0.1,0.002,8.0,
56,320,0.47941653363171,0.5,-0.3192096432716819,0.0,0.125,0.0,honeycomb_nnn__markov__fixed__intr0__struct0__sequential__baseline__s3__85a7ce9551,-0.0081355939926274,-0.0031020440828836,0.25,False,0.1559874620197095,0.002,0.016,markov,0.68,honeycomb_nnn,40,100,0.9,0.6228711639147104,0.3,0,0.42,0.08,210,0.4794652186552314,0.2,20,0.9984917171850508,2.8872015765515468e-18,0.2,fixed,sequential_exact,False,sequential,40,180,280,3,-1,1.0,0.6,0.6,80,0.0268748501278487,0,0,40,1.0,2,0,0.25,0.01,0.75,50.0,baseline,30.0,0.45,0.2,0.1,0.002,8.0,
56,320,0.1920421946990167,0.5,0.4063709486798064,0.0,0.125,0.0,square_vn__markov__fixed__intr0__struct0__sequential__lesion__s1__f869e9466b,0.189039101452874,0.174545464735125,0.25,False,0.3385133519896526,0.002,0.016,markov,0.68,square_vn,40,100,0.9,0.1743907744512217,0.3,0,0.42,0.08,210,0.1817867334945266,0.2,20,1.3142153823714529,2.3557405182648312e-18,0.2,fixed,sequential_exact,False,sequential,40,180,280,1,-1,1.0,0.6,0.6,80,0.0763006182802366,0,0,40,1.0,2,0,0.25,0.01,0.75,50.0,lesion,30.0,0.45,0.2,0.1,0.002,8.0,0.1530210011673483
56,320,0.4634093402380565,0.5,-0.4185085269613819,0.0,0.125,0.0,hex_cells__markov__fixed__intr0__struct0__sequential__lesion__s1__f80ba65cb1,0.0088934150774688,-0.0051590744270495,0.25,False,0.4965914333100785,0.002,0.016,markov,0.68,hex_cells,40,100,0.9,0.5490805029937468,0.3,0,0.42,0.08,210,0.4571385414637864,0.2,20,1.2826056329552886,1.901260864316634e-18,0.2,fixed,sequential_exact,False,sequential,40,180,280,1,-1,1.0,0.6,0.6,80,0.0187683254025268,0,0,40,1.0,2,0,0.25,0.01,0.75,50.0,lesion,30.0,0.45,0.2,0.1,0.002,8.0,0.006668666535545
56,320,0.4569619798159935,0.5,-0.2932676677784125,0.0,0.125,0.0,extended_moore_r2__markov__fixed__intr0__struct0__sequential__lesion__s1__b595fec032,0.0213282354129841,-0.0056474187622342,0.25,False,0.3694791715606606,0.002,0.016,markov,0.68,extended_moore_r2,40,100,0.9,0.5223310842908998,0.3,0,0.42,0.08,210,0.4541160102497647,0.2,20,0.9852281360342516,8.881834718606135e-19,0.2,fixed,sequential_exact,False,sequential,40,180,280,1,-1,1.0,0.6,0.6,80,0.4903775140958391,0,0,40,1.0,2,0,0.25,0.01,0.75,50.0,lesion,30.0,0.45,0.2,0.1,0.002,8.0,0.0213166235057323
56,320,0.4836929816645944,0.5,-0.3244127160349716,0.0,0.125,0.0,honeycomb_nnn__markov__fixed__intr0__struct0__sequential__lesion__s1__8edb0e92d9,-0.0088785162363813,0.0073028910741315,0.25,False,0.122689706941272,0.002,0.016,markov,0.68,honeycomb_nnn,40,100,0.9,0.634686994191255,0.3,0,0.42,0.08,210,0.4792070005127603,0.2,20,0.999379087500816,2.8655219154477473e-18,0.2,fixed,sequential_exact,False,sequential,40,180,280,1,-1,1.0,0.6,0.6,80,0.0385482612696829,0,0,40,1.0,2,0,0.25,0.01,0.75,50.0,lesion,30.0,0.45,0.2,0.1,0.002,8.0,-0.008878730490614
56,320,0.1999404448510911,0.5,0.3897462846604842,0.0,0.125,0.0,square_vn__markov__fixed__intr0__struct0__sequential__lesion__s2__2a2ee3ddf0,0.1874488983125737,0.1746004867667179,0.25,False,0.3508675374614304,0.002,0.016,markov,0.68,square_vn,40,100,0.9,0.1827855016148301,0.3,0,0.42,0.08,210,0.1892365987337294,0.2,20,1.3438953722009044,3.2423057535681565e-18,0.2,fixed,sequential_exact,False,sequential,40,180,280,2,-1,1.0,0.6,0.6,80,0.0778768519426729,0,0,40,1.0,2,0,0.25,0.01,0.75,50.0,lesion,30.0,0.45,0.2,0.1,0.002,8.0,0.162783243949891
56,320,0.4642783548650824,0.5,-0.4242311903031273,0.0,0.125,0.0,hex_cells__markov__fixed__intr0__struct0__sequential__lesion__s2__54ff678b12,-0.0031701162880662,0.0064928184002054,0.25,False,0.4958429791337002,0.002,0.016,markov,0.68,hex_cells,40,100,0.9,0.5517939416454959,0.3,0,0.42,0.08,210,0.4593493292738422,0.2,20,1.305694702669926,2.6167696506871282e-18,0.2,fixed,sequential_exact,False,sequential,40,180,280,2,-1,1.0,0.6,0.6,80,0.0256250347493989,0,0,40,1.0,2,0,0.25,0.01,0.75,50.0,lesion,30.0,0.45,0.2,0.1,0.002,8.0,0.0046656353589293
56,320,0.4569630916111234,0.5,-0.2932742174331044,0.0,0.125,0.0,extended_moore_r2__markov__fixed__intr0__struct0__sequential__lesion__s2__a6f8e6b2eb,0.0213307284095698,-0.0056495689214787,0.25,False,0.3697317416698149,0.002,0.016,markov,0.68,extended_moore_r2,40,100,0.9,0.5223438882339385,0.3,0,0.42,0.08,210,0.4539957957313071,0.2,20,0.9852281360342516,1.20567162061276e-18,0.2,fixed,sequential_exact,False,sequential,40,180,280,2,-1,1.0,0.6,0.6,80,0.4903837904087891,0,0,40,1.0,2,0,0.25,0.01,0.75,50.0,lesion,30.0,0.45,0.2,0.1,0.002,8.0,0.0213155711920343
56,320,0.4829738850191066,0.5,-0.3233678600430598,0.0,0.125,0.0,honeycomb_nnn__markov__fixed__intr0__struct0__sequential__lesion__s2__ac2b8f6494,0.0040568364456488,-0.0079898227481046,0.25,False,0.1310444476225541,0.002,0.016,markov,0.68,honeycomb_nnn,40,100,0.9,0.6314455052769445,0.3,0,0.42,0.08,210,0.4781731050614725,0.2,20,0.999144095710244,3.165035831504009e-18,0.2,fixed,sequential_exact,False,sequential,40,180,280,2,-1,1.0,0.6,0.6,80,0.0267196045556404,0,0,40,1.0,2,0,0.25,0.01,0.75,50.0,lesion,30.0,0.45,0.2,0.1,0.002,8.0,0.0044963817362961
56,320,0.2019781217972805,0.5,0.3809337817370832,0.0,0.125,0.0,square_vn__markov__fixed__intr0__struct0__sequential__lesion__s3__a1135ce954,0.1864836558867282,0.1754082517813639,0.25,False,0.3551409664651855,0.002,0.016,markov,0.68,square_vn,40,100,0.9,0.1865920302101014,0.3,0,0.42,0.08,210,0.1907230177642311,0.2,20,1.364114144341709,3.1346394361014684e-18,0.2,fixed,sequential_exact,False,sequential,40,180,280,3,-1,1.0,0.6,0.6,80,0.0923458261620149,0,0,40,1.0,2,0,0.25,0.01,0.75,50.0,lesion,30.0,0.45,0.2,0.1,0.002,8.0,0.1600480796667055
56,320,0.4652881768880023,0.5,-0.4241895429136631,0.0,0.125,0.0,hex_cells__markov__fixed__intr0__struct0__sequential__lesion__s3__da8bd6228f,0.0083058854053359,0.0052831131727258,0.25,False,0.4899835581884444,0.002,0.016,markov,0.68,hex_cells,40,100,0.9,0.5550722198001024,0.3,0,0.42,0.08,210,0.4585755177284823,0.2,20,1.29074049156348,2.1435940191460333e-18,0.2,fixed,sequential_exact,False,sequential,40,180,280,3,-1,1.0,0.6,0.6,80,0.023628878318447,0,0,40,1.0,2,0,0.25,0.01,0.75,50.0,lesion,30.0,0.45,0.2,0.1,0.002,8.0,0.0069399945524695
56,320,0.4569533329323822,0.5,-0.2932926808085989,0.0,0.125,0.0,extended_moore_r2__markov__fixed__intr0__struct0__sequential__lesion__s3__8cca92a1c0,0.0213299800922415,-0.0056694504079058,0.25,False,0.3705470316053274,0.002,0.016,markov,0.68,extended_moore_r2,40,100,0.9,0.5222830178453807,0.3,0,0.42,0.08,210,0.4537769301182381,0.2,20,0.9852281360342516,1.1354612670173345e-18,0.2,fixed,sequential_exact,False,sequential,40,180,280,3,-1,1.0,0.6,0.6,80,0.4903997818753081,0,0,40,1.0,2,0,0.25,0.01,0.75,50.0,lesion,30.0,0.45,0.2,0.1,0.002,8.0,0.0213031581599888
56,320,0.4824305048629993,0.5,-0.3235829450148253,0.0,0.125,0.0,honeycomb_nnn__markov__fixed__intr0__struct0__sequential__lesion__s3__4b918fed70,0.0094588984108956,-0.0076631277943226,0.25,False,0.1321446999309349,0.002,0.016,markov,0.68,honeycomb_nnn,40,100,0.9,0.632019080821733,0.3,0,0.42,0.08,210,0.4777765839875094,0.2,20,0.9991545641890922,3.775031222778356e-18,0.2,fixed,sequential_exact,False,sequential,40,180,280,3,-1,1.0,0.6,0.6,80,0.0326653386251164,0,0,40,1.0,2,0,0.25,0.01,0.75,50.0,lesion,30.0,0.45,0.2,0.1,0.002,8.0,0.0098552778639453
56,320,0.4046489587481452,0.5,-0.2477051463788361,0.0,0.125,0.0,square_vn__markov__plastic__intr0__struct0__sequential__baseline__s1__3cd3103e27,-0.0122035792885233,-0.0025874680653043,0.25,False,0.7067735214909874,0.002,0.016,markov,0.68,square_vn,40,100,0.9,0.366589020417112,0.3,0,0.42,0.08,210,0.4054298686388885,0.2,20,1.4841920087937546,1.8980264571621442e-18,0.2,plastic,sequential_exact,False,sequential,40,180,280,1,-1,1.0,0.6,0.6,80,0.0039142429341054,0,0,40,1.0,2,0,0.25,0.01,0.75,50.0,baseline,30.0,0.45,0.2,0.1,0.002,8.0,
56,320,0.4251599408746195,0.5,-0.3325572492240779,0.0,0.125,0.0,hex_cells__markov__plastic__intr0__struct0__sequential__baseline__s1__a4cf46681e,-0.0123462089685346,0.0081642518200506,0.25,False,0.5884044354183048,0.002,0.016,markov,0.68,hex_cells,40,100,0.9,0.4610165610718842,0.3,0,0.42,0.08,210,0.4260633964511168,0.2,20,1.3325677625871188,1.684884287491468e-18,0.2,plastic,sequential_exact,False,sequential,40,180,280,1,-1,1.0,0.6,0.6,80,0.0127073030325296,0,0,40,1.0,2,0,0.25,0.01,0.75,50.0,baseline,30.0,0.45,0.2,0.1,0.002,8.0,
56,320,0.3861669816277172,0.5,-0.1460596741965619,0.0,0.125,0.0,extended_moore_r2__markov__plastic__intr0__struct0__sequential__baseline__s1__7681106fef,0.0499831803227562,0.0435984941995971,0.25,False,0.8383938757742894,0.002,0.016,markov,0.68,extended_moore_r2,40,100,0.9,0.2045640982765362,0.3,0,0.42,0.08,210,0.3890885945415142,0.2,20,0.2812977370158757,5.179826943160207e-18,0.2,plastic,sequential_exact,False,sequential,40,180,280,1,-1,1.0,0.6,0.6,80,0.0575061089035225,0,0,40,0.9560214710884354,2,0,0.25,0.01,0.75,50.0,baseline,30.0,0.45,0.2,0.1,0.002,8.0,
56,320,0.407311832779596,0.5,-0.2851546565885152,0.0,0.125,0.0,honeycomb_nnn__markov__plastic__intr0__struct0__sequential__baseline__s1__35683b4d58,0.0003103203361712,0.0150446505222633,0.25,False,0.6318192730957731,0.002,0.016,markov,0.68,honeycomb_nnn,40,100,0.9,0.4216802676756073,0.3,0,0.42,0.08,210,0.4098105581418069,0.2,20,0.9370445849755972,4.919867771206242e-18,0.2,plastic,sequential_exact,False,sequential,40,180,280,1,-1,1.0,0.6,0.6,80,0.0807302132613254,0,0,40,1.0,2,0,0.25,0.01,0.75,50.0,baseline,30.0,0.45,0.2,0.1,0.002,8.0,
56,320,0.4064187869107674,0.5,-0.2681113856285386,0.0,0.125,0.0,square_vn__markov__plastic__intr0__struct0__sequential__baseline__s2__cc83a8c25f,0.0087987514588541,-0.009027524198666,0.25,False,0.7045812032630746,0.002,0.016,markov,0.68,square_vn,40,100,0.9,0.3743175911240247,0.3,0,0.42,0.08,210,0.4037499915968263,0.2,20,1.480365503459666,3.011711178274937e-18,0.2,plastic,sequential_exact,False,sequential,40,180,280,2,-1,1.0,0.6,0.6,80,0.0058194720555543,0,0,40,1.0,2,0,0.25,0.01,0.75,50.0,baseline,30.0,0.45,0.2,0.1,0.002,8.0,
56,320,0.4252270288784309,0.5,-0.3366230855282381,0.0,0.125,0.0,hex_cells__markov__plastic__intr0__struct0__sequential__baseline__s2__d9d671e2b4,-0.0051880263676181,0.0134545684421306,0.25,False,0.584984462047887,0.002,0.016,markov,0.68,hex_cells,40,100,0.9,0.4645921964176411,0.3,0,0.42,0.08,210,0.4258396166713843,0.2,20,1.3241242414469176,2.8049494158239046e-18,0.2,plastic,sequential_exact,False,sequential,40,180,280,2,-1,1.0,0.6,0.6,80,0.01461162851311,0,0,40,1.0,2,0,0.25,0.01,0.75,50.0,baseline,30.0,0.45,0.2,0.1,0.002,8.0,
56,320,0.3773282563044551,0.5,-0.181401928389771,0.0,0.125,0.0,extended_moore_r2__markov__plastic__intr0__struct0__sequential__baseline__s2__455cbfb03b,0.0355516067886207,0.035986616935047,0.25,False,0.8187202870723796,0.002,0.016,markov,0.68,extended_moore_r2,40,100,0.9,0.22624263525284,0.3,0,0.42,0.08,210,0.3824890005179704,0.2,20,0.255906091630059,5.301708584597748e-18,0.2,plastic,sequential_exact,False,sequential,40,180,280,2,-1,1.0,0.6,0.6,80,0.0555394296046429,0,0,40,0.9558487457482994,2,0,0.25,0.01,0.75,50.0,baseline,30.0,0.45,0.2,0.1,0.002,8.0,
56,320,0.409004652021638,0.5,-0.280632517789964,0.0,0.125,0.0,honeycomb_nnn__markov__plastic__intr0__struct0__sequential__baseline__s2__2ac1bb4431,0.0219715316519631,0.017744521272396,0.25,False,0.6192137108235187,0.002,0.016,markov,0.68,honeycomb_nnn,40,100,0.9,0.4257096917507136,0.3,0,0.42,0.08,210,0.4091830090819263,0.2,20,0.9279824587001896,2.1539287042262712e-18,0.2,plastic,sequential_exact,False,sequential,40,180,280,2,-1,1.0,0.6,0.6,80,0.0510262773816092,0,0,40,1.0,2,0,0.25,0.01,0.75,50.0,baseline,30.0,0.45,0.2,0.1,0.002,8.0,
56,320,0.4050186583963843,0.5,-0.2515766846515985,0.0,0.125,0.0,square_vn__markov__plastic__intr0__struct0__sequential__baseline__s3__cab68e632b,0.0013573023155777,0.0096830067833098,0.25,False,0.7059429725516401,0.002,0.016,markov,0.68,square_vn,40,100,0.9,0.3685221507130447,0.3,0,0.42,0.08,210,0.4041471353230704,0.2,20,1.4786120475227984,1.577180078456464e-18,0.2,plastic,sequential_exact,False,sequential,40,180,280,3,-1,1.0,0.6,0.6,80,0.0038210308952313,0,0,40,1.0,2,0,0.25,0.01,0.75,50.0,baseline,30.0,0.45,0.2,0.1,0.002,8.0,
56,320,0.4249634721153323,0.5,-0.3306115524046721,0.0,0.125,0.0,hex_cells__markov__plastic__intr0__struct0__sequential__baseline__s3__dc45215732,-0.0080143389905885,-0.0002047751956193,0.25,False,0.5972205862152599,0.002,0.016,markov,0.68,hex_cells,40,100,0.9,0.4543322421949435,0.3,0,0.42,0.08,210,0.4245577657240398,0.2,20,1.3090825360280691,3.024055680248393e-18,0.2,plastic,sequential_exact,False,sequential,40,180,280,3,-1,1.0,0.6,0.6,80,0.0131322763075998,0,0,40,1.0,2,0,0.25,0.01,0.75,50.0,baseline,30.0,0.45,0.2,0.1,0.002,8.0,
56,320,0.3554377303903453,0.5,-0.1806173548500124,0.0,0.125,0.0,extended_moore_r2__markov__plastic__intr0__struct0__sequential__baseline__s3__75440f0a33,0.0465775301457955,0.052627262174126,0.25,False,0.7540603301943242,0.002,0.016,markov,0.68,extended_moore_r2,40,100,0.9,0.2587517130070765,0.3,0,0.42,0.08,210,0.3596942539073013,0.2,20,0.4197408435553731,4.981531312679446e-18,0.2,plastic,sequential_exact,False,sequential,40,180,280,3,-1,1.0,0.6,0.6,80,0.0736539344210661,0,0,40,0.9354538690476192,2,0,0.25,0.01,0.75,50.0,baseline,30.0,0.45,0.2,0.1,0.002,8.0,
56,320,0.4097975361188323,0.5,-0.2851028164925814,0.0,0.125,0.0,honeycomb_nnn__markov__plastic__intr0__struct0__sequential__baseline__s3__3db8e1074c,0.0009359876892221,0.001466601561132,0.25,False,0.6001605387158343,0.002,0.016,markov,0.68,honeycomb_nnn,40,100,0.9,0.4364766354919273,0.3,0,0.42,0.08,210,0.4114399096457296,0.2,20,0.9803087689907306,4.281820923842424e-18,0.2,plastic,sequential_exact,False,sequential,40,180,280,3,-1,1.0,0.6,0.6,80,0.0704041077891013,0,0,40,1.0,2,0,0.25,0.01,0.75,50.0,baseline,30.0,0.45,0.2,0.1,0.002,8.0,
56,320,0.1925329601762666,0.5,0.4211946435440325,0.0,0.125,0.0,square_vn__markov__plastic__intr0__struct0__sequential__lesion__s1__1f167418c4,0.1971028553913117,0.1918790552929502,0.25,False,0.3363445334016585,0.002,0.016,markov,0.68,square_vn,40,100,0.9,0.1728223335689217,0.3,0,0.42,0.08,210,0.1813104025681493,0.2,20,1.3291850346381178,4.048705992099532e-18,0.2,plastic,sequential_exact,False,sequential,40,180,280,1,-1,1.0,0.6,0.6,80,0.0760887072202097,0,0,40,1.0,2,0,0.25,0.01,0.75,50.0,lesion,30.0,0.45,0.2,0.1,0.002,8.0,0.1684118342532925
56,320,0.4269805817198286,0.5,-0.367406233175463,0.0,0.125,0.0,hex_cells__markov__plastic__intr0__struct0__sequential__lesion__s1__2e61e17a0e,-0.0082658030000517,0.0082933475055083,0.25,False,0.5688031735909266,0.002,0.016,markov,0.68,hex_cells,40,100,0.9,0.4829000068286249,0.3,0,0.42,0.08,210,0.4218846911966619,0.2,20,1.330723051030808,2.1995678709238223e-18,0.2,plastic,sequential_exact,False,sequential,40,180,280,1,-1,1.0,0.6,0.6,80,0.0286830863027731,0,0,40,1.0,2,0,0.25,0.01,0.75,50.0,lesion,30.0,0.45,0.2,0.1,0.002,8.0,-0.00181606201203
56,320,0.4093454789156346,0.5,-0.1981908053214438,0.0,0.125,0.0,extended_moore_r2__markov__plastic__intr0__struct0__sequential__lesion__s1__3ae1b5bdb2,-0.0184046117716804,-0.0230615084437744,0.25,False,0.8873348922582113,0.002,0.016,markov,0.68,extended_moore_r2,40,100,0.9,0.1918379495177626,0.3,0,0.42,0.08,210,0.4095041778261643,0.2,20,0.1615675073540186,4.69771333226292e-18,0.2,plastic,sequential_exact,False,sequential,40,180,280,1,-1,1.0,0.6,0.6,80,0.0848595705168775,0,0,40,0.9766687925170068,2,0,0.25,0.01,0.75,50.0,lesion,30.0,0.45,0.2,0.1,0.002,8.0,-0.0249061994122643
56,320,0.4206668723948313,0.5,-0.3003603294097,0.0,0.125,0.0,honeycomb_nnn__markov__plastic__intr0__struct0__sequential__lesion__s1__c7f862d66a,-0.0213109216973161,-0.0017594815405568,0.25,False,0.5492900012671935,0.002,0.016,markov,0.68,honeycomb_nnn,40,100,0.9,0.4742022046757205,0.3,0,0.42,0.08,210,0.4171949943085125,0.2,20,1.0236830841171145,3.4526267399246663e-18,0.2,plastic,sequential_exact,False,sequential,40,180,280,1,-1,1.0,0.6,0.6,80,0.0468559798125407,0,0,40,1.0,2,0,0.25,0.01,0.75,50.0,lesion,30.0,0.45,0.2,0.1,0.002,8.0,-0.0208797624815335
56,320,0.1880485865006941,0.5,0.4092982424455473,0.0,0.125,0.0,square_vn__markov__plastic__intr0__struct0__sequential__lesion__s2__d6f615e84d,0.1944265906449285,0.1869682385837213,0.25,False,0.3317189557462156,0.002,0.016,markov,0.68,square_vn,40,100,0.9,0.1727813278681059,0.3,0,0.42,0.08,210,0.1793841790753576,0.2,20,1.314980358984349,4.716349507226265e-18,0.2,plastic,sequential_exact,False,sequential,40,180,280,2,-1,1.0,0.6,0.6,80,0.0763067545588408,0,0,40,1.0,2,0,0.25,0.01,0.75,50.0,lesion,30.0,0.45,0.2,0.1,0.002,8.0,0.1546470145506829
56,320,0.4249129858519908,0.5,-0.3604405851562538,0.0,0.125,0.0,hex_cells__markov__plastic__intr0__struct0__sequential__lesion__s2__db23327938,0.0143089526636498,0.0191205104947481,0.25,False,0.5756480066400751,0.002,0.016,markov,0.68,hex_cells,40,100,0.9,0.4763035874945736,0.3,0,0.42,0.08,210,0.4204027536336544,0.2,20,1.3204991715670973,2.01752638537138e-18,0.2,plastic,sequential_exact,False,sequential,40,180,280,2,-1,1.0,0.6,0.6,80,0.0188660207296721,0,0,40,1.0,2,0,0.25,0.01,0.75,50.0,lesion,30.0,0.45,0.2,0.1,0.002,8.0,0.0161605955904938
56,320,0.409288482786929,0.5,-0.2073100644806815,0.0,0.125,0.0,extended_moore_r2__markov__plastic__intr0__struct0__sequential__lesion__s2__ec20928df0,-0.0217886508269717,-0.0046315582276204,0.25,False,0.8736750386282394,0.002,0.016,markov,0.68,extended_moore_r2,40,100,0.9,0.2126542367731615,0.3,0,0.42,0.08,210,0.4086193126781533,0.2,20,0.2287717659468667,4.053884114648509e-18,0.2,plastic,sequential_exact,False,sequential,40,180,280,2,-1,1.0,0.6,0.6,80,0.1051003796941838,0,0,40,0.9760974702380952,2,0,0.25,0.01,0.75,50.0,lesion,30.0,0.45,0.2,0.1,0.002,8.0,-0.0260467190837125
56,320,0.4200596438228755,0.5,-0.2985179376163324,0.0,0.125,0.0,honeycomb_nnn__markov__plastic__intr0__struct0__sequential__lesion__s2__54adc7c7ac,-0.0044885231943113,0.0014263142142604,0.25,False,0.5441790145692407,0.002,0.016,markov,0.68,honeycomb_nnn,40,100,0.9,0.4765045586975399,0.3,0,0.42,0.08,210,0.4177515671724282,0.2,20,1.0700997504694654,2.355931175065749e-18,0.2,plastic,sequential_exact,False,sequential,40,180,280,2,-1,1.0,0.6,0.6,80,0.0465131975147373,0,0,40,1.0,2,0,0.25,0.01,0.75,50.0,lesion,30.0,0.45,0.2,0.1,0.002,8.0,-0.0046010249956343
56,320,0.2021365691173483,0.5,0.3842642987556576,0.0,0.125,0.0,square_vn__markov__plastic__intr0__struct0__sequential__lesion__s3__9233723263,0.1856629848633332,0.1852410691850387,0.25,False,0.354550552395955,0.002,0.016,markov,0.68,square_vn,40,100,0.9,0.1854194329865895,0.3,0,0.42,0.08,210,0.1910150590806897,0.2,20,1.3643617980068716,3.934331362873055e-18,0.2,plastic,sequential_exact,False,sequential,40,180,280,3,-1,1.0,0.6,0.6,80,0.0899270062763639,0,0,40,1.0,2,0,0.25,0.01,0.75,50.0,lesion,30.0,0.45,0.2,0.1,0.002,8.0,0.179440252623207
56,320,0.4260634035637541,0.5,-0.3630081932766577,0.0,0.125,0.0,hex_cells__markov__plastic__intr0__struct0__sequential__lesion__s3__65ef67104f,-0.0111568009836879,0.00182382371992,0.25,False,0.5645059980273196,0.002,0.016,markov,0.68,hex_cells,40,100,0.9,0.48381260702842,0.3,0,0.42,0.08,210,0.4203024507411536,0.2,20,1.3351012189015286,2.47505074433424e-18,0.2,plastic,sequential_exact,False,sequential,40,180,280,3,-1,1.0,0.6,0.6,80,0.0147539868567907,0,0,40,1.0,2,0,0.25,0.01,0.75,50.0,lesion,30.0,0.45,0.2,0.1,0.002,8.0,0.0034705491550791
56,320,0.398490967186846,0.5,-0.2185002488831414,0.0,0.125,0.0,extended_moore_r2__markov__plastic__intr0__struct0__sequential__lesion__s3__006c5331e6,-0.0180806413258125,-0.0307289531904296,0.25,False,0.8520536015721146,0.002,0.016,markov,0.68,extended_moore_r2,40,100,0.9,0.2276724308580905,0.3,0,0.42,0.08,210,0.3988947196917436,0.2,20,0.2210885374144549,5.170092502491716e-18,0.2,plastic,sequential_exact,False,sequential,40,180,280,3,-1,1.0,0.6,0.6,80,0.1014854002886945,0,0,40,0.9742772108843536,2,0,0.25,0.01,0.75,50.0,lesion,30.0,0.45,0.2,0.1,0.002,8.0,-0.0085991673918043
56,320,0.4186441974512753,0.5,-0.2982953312758579,0.0,0.125,0.0,honeycomb_nnn__markov__plastic__intr0__struct0__sequential__lesion__s3__ea9ae6703c,-0.0110472337634303,-0.0158415517144983,0.25,False,0.5532134016214507,0.002,0.016,markov,0.68,honeycomb_nnn,40,100,0.9,0.4689773496102946,0.3,0,0.42,0.08,210,0.4172602914861941,0.2,20,1.0601149859405152,2.9723713995688244e-18,0.2,plastic,sequential_exact,False,sequential,40,180,280,3,-1,1.0,0.6,0.6,80,0.0453741766293712,0,0,40,1.0,2,0,0.25,0.01,0.75,50.0,lesion,30.0,0.45,0.2,0.1,0.002,8.0,-0.0043779332089988
56,320,0.4050097698588866,0.5,-0.2572954652959153,0.0,0.125,0.2626505957345011,square_vn__ql__fixed__intr0__struct0__sequential__baseline__s1__39ffb8a585,-0.0104308486934218,0.0015138103897501,0.25,False,0.7146839408443966,0.002,0.016,ql,0.68,square_vn,40,100,0.9,0.3641653910002974,0.3,0,0.42,0.08,210,0.4030313731606101,0.2,20,1.462090943006513,2.6187999898094527e-18,0.2,fixed,sequential_exact,False,sequential,40,180,280,1,-1,1.0,0.6,0.6,80,0.0033443791596973,0,0,40,1.0,2,0,0.25,0.01,0.75,50.0,baseline,30.0,0.45,0.2,0.1,0.002,8.0,
56,320,0.4594551520842128,0.5,-0.4052209497101987,0.0,0.125,0.2969354890961138,hex_cells__ql__fixed__intr0__struct0__sequential__baseline__s1__6eccac9c57,0.0001675088129578,-0.0056595885831591,0.25,False,0.5461045361938514,0.002,0.016,ql,0.68,hex_cells,40,100,0.9,0.5311351211310934,0.3,0,0.42,0.08,210,0.4581595808593379,0.2,20,1.2303585672885011,2.9448059263160466e-18,0.2,fixed,sequential_exact,False,sequential,40,180,280,1,-1,1.0,0.6,0.6,80,0.0194070401067973,0,0,40,1.0,2,0,0.25,0.01,0.75,50.0,baseline,30.0,0.45,0.2,0.1,0.002,8.0,
56,320,0.4519186295926218,0.5,-0.2843150935524286,0.0,0.125,0.2803513326857882,extended_moore_r2__ql__fixed__intr0__struct0__sequential__baseline__s1__d57b81b3bb,0.0171805352089084,-0.0076438455446304,0.25,False,0.4942096474217275,0.002,0.016,ql,0.68,extended_moore_r2,40,100,0.9,0.4986287147519728,0.3,0,0.42,0.08,210,0.4518539796417221,0.2,20,0.9652471937665336,6.2404119897463165e-18,0.2,fixed,sequential_exact,False,sequential,40,180,280,1,-1,1.0,0.6,0.6,80,0.1622620260609946,0,0,40,1.0,2,0,0.25,0.01,0.75,50.0,baseline,30.0,0.45,0.2,0.1,0.002,8.0,
56,320,0.4818596838712478,0.5,-0.3183501885037875,0.0,0.125,0.331281369600561,honeycomb_nnn__ql__fixed__intr0__struct0__sequential__baseline__s1__5da795a4a6,0.0127244444862446,0.0052785299739016,0.25,False,0.2634756703908918,0.002,0.016,ql,0.68,honeycomb_nnn,40,100,0.9,0.5974737032170988,0.3,0,0.42,0.08,210,0.4818019466720094,0.2,20,0.9986161030361664,3.835560493737787e-18,0.2,fixed,sequential_exact,False,sequential,40,180,280,1,-1,1.0,0.6,0.6,80,0.0268380299372337,0,0,40,1.0,2,0,0.25,0.01,0.75,50.0,baseline,30.0,0.45,0.2,0.1,0.002,8.0,
56,320,0.4041537485306967,0.5,-0.2496206508156589,0.0,0.125,0.2623681582831444,square_vn__ql__fixed__intr0__struct0__sequential__baseline__s2__58a0920537,0.0032597811174681,-0.0017978587667188,0.25,False,0.7139968269657663,0.002,0.016,ql,0.68,square_vn,40,100,0.9,0.3637556704505796,0.3,0,0.42,0.08,210,0.4035261075459647,0.2,20,1.455251314435282,1.7245278528689593e-18,0.2,fixed,sequential_exact,False,sequential,40,180,280,2,-1,1.0,0.6,0.6,80,0.004146960772525,0,0,40,1.0,2,0,0.25,0.01,0.75,50.0,baseline,30.0,0.45,0.2,0.1,0.002,8.0,
56,320,0.461431054048179,0.5,-0.4072564427575562,0.0,0.125,0.2965290091547721,hex_cells__ql__fixed__intr0__struct0__sequential__baseline__s2__8b1a79d1bf,0.009428777215884,-0.0071968856202957,0.25,False,0.5460177847098504,0.002,0.016,ql,0.68,hex_cells,40,100,0.9,0.5331444360573766,0.3,0,0.42,0.08,210,0.461289894860761,0.2,20,1.231717205046872,1.6024561420197385e-18,0.2,fixed,sequential_exact,False,sequential,40,180,280,2,-1,1.0,0.6,0.6,80,0.0385838129534518,0,0,40,1.0,2,0,0.25,0.01,0.75,50.0,baseline,30.0,0.45,0.2,0.1,0.002,8.0,
56,320,0.4519244584227615,0.5,-0.2843663023674892,0.0,0.125,0.2817864137395348,extended_moore_r2__ql__fixed__intr0__struct0__sequential__baseline__s2__274b11449a,-0.0054708360001717,0.0021682244597658,0.25,False,0.4848254231622595,0.002,0.016,ql,0.68,extended_moore_r2,40,100,0.9,0.5006723248587734,0.3,0,0.42,0.08,210,0.4519066586585875,0.2,20,0.9720457123475108,1.1942716384161025e-17,0.2,fixed,sequential_exact,False,sequential,40,180,280,2,-1,1.0,0.6,0.6,80,0.2198761311975884,0,0,40,1.0,2,0,0.25,0.01,0.75,50.0,baseline,30.0,0.45,0.2,0.1,0.002,8.0,
56,320,0.4828966851220973,0.5,-0.3196350488047658,0.0,0.125,0.3324347762159803,honeycomb_nnn__ql__fixed__intr0__struct0__sequential__baseline__s2__ccdd6f2d24,0.0079229089663771,0.008509008123618,0.25,False,0.2592701265851306,0.002,0.016,ql,0.68,honeycomb_nnn,40,100,0.9,0.5994320331526657,0.3,0,0.42,0.08,210,0.4828221089404723,0.2,20,0.9986293139677892,2.8560332602459277e-18,0.2,fixed,sequential_exact,False,sequential,40,180,280,2,-1,1.0,0.6,0.6,80,0.0446446289948736,0,0,40,1.0,2,0,0.25,0.01,0.75,50.0,baseline,30.0,0.45,0.2,0.1,0.002,8.0,
56,320,0.4026241655304994,0.5,-0.2442514402884074,0.0,0.125,0.2640119305667012,square_vn__ql__fixed__intr0__struct0__sequential__baseline__s3__e8f707adbc,0.0057938820875007,0.0058204206993935,0.25,False,0.7131690028141809,0.002,0.016,ql,0.68,square_vn,40,100,0.9,0.3619267229204383,0.3,0,0.42,0.08,210,0.4021750982141763,0.2,20,1.461424865772844,2.249343858446652e-18,0.2,fixed,sequential_exact,False,sequential,40,180,280,3,-1,1.0,0.6,0.6,80,0.0034203753911626,0,0,40,1.0,2,0,0.25,0.01,0.75,50.0,baseline,30.0,0.45,0.2,0.1,0.002,8.0,
56,320,0.4605293513589246,0.5,-0.4097600802632193,0.0,0.125,0.2954962638135289,hex_cells__ql__fixed__intr0__struct0__sequential__baseline__s3__490126c37b,-0.0082041983450477,0.0015949663592772,0.25,False,0.5501572897086483,0.002,0.016,ql,0.68,hex_cells,40,100,0.9,0.5306884704643974,0.3,0,0.42,0.08,210,0.4607808247371577,0.2,20,1.255062804584264,1.8742889391229677e-18,0.2,fixed,sequential_exact,False,sequential,40,180,280,3,-1,1.0,0.6,0.6,80,0.0281396225951739,0,0,40,1.0,2,0,0.25,0.01,0.75,50.0,baseline,30.0,0.45,0.2,0.1,0.002,8.0,
56,320,0.4513926756774716,0.5,-0.2832736663152739,0.0,0.125,0.2798433958607809,extended_moore_r2__ql__fixed__intr0__struct0__sequential__baseline__s3__4ec4ec00df,-0.0014122576223403,-0.0054173248135486,0.25,False,0.4995382044300553,0.002,0.016,ql,0.68,extended_moore_r2,40,100,0.9,0.4967489095180784,0.3,0,0.42,0.08,210,0.451146866679792,0.2,20,0.962275730750557,5.3939735845426644e-18,0.2,fixed,sequential_exact,False,sequential,40,180,280,3,-1,1.0,0.6,0.6,80,0.1165358200461589,0,0,40,1.0,2,0,0.25,0.01,0.75,50.0,baseline,30.0,0.45,0.2,0.1,0.002,8.0,
56,320,0.4802493573251157,0.5,-0.3168244074787749,0.0,0.125,0.3285603664984695,honeycomb_nnn__ql__fixed__intr0__struct0__sequential__baseline__s3__5a649f2aff,-0.0044085533941071,-0.0022833325690565,0.25,False,0.27188181385554,0.002,0.016,ql,0.68,honeycomb_nnn,40,100,0.9,0.5937895450079177,0.3,0,0.42,0.08,210,0.4801979068693335,0.2,20,0.9981984897104168,3.669248267914396e-18,0.2,fixed,sequential_exact,False,sequential,40,180,280,3,-1,1.0,0.6,0.6,80,0.0313718946789494,0,0,40,1.0,2,0,0.25,0.01,0.75,50.0,baseline,30.0,0.45,0.2,0.1,0.002,8.0,
56,320,0.4009829119706729,0.5,-0.2519345141402109,0.0,0.125,0.2642524185165196,square_vn__ql__fixed__intr0__struct0__sequential__lesion__s1__110afd69c4,0.010411916384297,-0.0051111992853953,0.25,False,0.7073388761783385,0.002,0.016,ql,0.68,square_vn,40,100,0.9,0.3661614369545369,0.3,0,0.42,0.08,210,0.3993068457721259,0.2,20,1.4711083747480291,1.5770666260286954e-18,0.2,fixed,sequential_exact,False,sequential,40,180,280,1,-1,1.0,0.6,0.6,80,0.0044450750540281,0,0,40,1.0,2,0,0.25,0.01,0.75,50.0,lesion,30.0,0.45,0.2,0.1,0.002,8.0,0.0184309404695193
56,320,0.4609739636434364,0.5,-0.4098478043362216,0.0,0.125,0.2955617922837786,hex_cells__ql__fixed__intr0__struct0__sequential__lesion__s1__7f418b78ce,0.0090017178628283,-0.0052628900895643,0.25,False,0.5491922457492643,0.002,0.016,ql,0.68,hex_cells,40,100,0.9,0.5320753615795631,0.3,0,0.42,0.08,210,0.459137099944363,0.2,20,1.2258612574207737,2.9996817901798217e-18,0.2,fixed,sequential_exact,False,sequential,40,180,280,1,-1,1.0,0.6,0.6,80,0.0221489691590747,0,0,40,1.0,2,0,0.25,0.01,0.75,50.0,lesion,30.0,0.45,0.2,0.1,0.002,8.0,0.0046758145444877
56,320,0.4521448076429215,0.5,-0.2876373179382736,0.0,0.125,0.2790743538116484,extended_moore_r2__ql__fixed__intr0__struct0__sequential__lesion__s1__78401ee1c8,0.0300951897518034,-0.01159259426071,0.25,False,0.4806679611537374,0.002,0.016,ql,0.68,extended_moore_r2,40,100,0.9,0.4994283865637239,0.3,0,0.42,0.08,210,0.450569713435424,0.2,20,0.9746379274566678,2.8355262725262732e-18,0.2,fixed,sequential_exact,False,sequential,40,180,280,1,-1,1.0,0.6,0.6,80,0.3784684010194979,0,0,40,1.0,2,0,0.25,0.01,0.75,50.0,lesion,30.0,0.45,0.2,0.1,0.002,8.0,0.0296585905757555
56,320,0.4853797871082926,0.5,-0.3227991052285919,0.0,0.125,0.3341796080625883,honeycomb_nnn__ql__fixed__intr0__struct0__sequential__lesion__s1__d78b256030,0.0056630106352965,0.0075779047553919,0.25,False,0.2473545507884016,0.002,0.016,ql,0.68,honeycomb_nnn,40,100,0.9,0.6050153336845859,0.3,0,0.42,0.08,210,0.4830650180051681,0.2,20,0.9992361580719926,3.1784633781652655e-18,0.2,fixed,sequential_exact,False,sequential,40,180,280,1,-1,1.0,0.6,0.6,80,0.025661876673159,0,0,40,1.0,2,0,0.25,0.01,0.75,50.0,lesion,30.0,0.45,0.2,0.1,0.002,8.0,0.0052561799000018
56,320,0.4014861195313634,0.5,-0.2439745254948681,0.0,0.125,0.2681081997902251,square_vn__ql__fixed__intr0__struct0__sequential__lesion__s2__ec2650f0f5,-0.002657672660529,-0.0044843978731534,0.25,False,0.7166675073794965,0.002,0.016,ql,0.68,square_vn,40,100,0.9,0.3583507674628385,0.3,0,0.42,0.08,210,0.3965482963088133,0.2,20,1.4581709664579916,3.0050202457918746e-18,0.2,fixed,sequential_exact,False,sequential,40,180,280,2,-1,1.0,0.6,0.6,80,0.0042501696100499,0,0,40,1.0,2,0,0.25,0.01,0.75,50.0,lesion,30.0,0.45,0.2,0.1,0.002,8.0,-0.0014174245233017
56,320,0.4582671450896257,0.5,-0.4068626090980141,0.0,0.125,0.2946571762786987,hex_cells__ql__fixed__intr0__struct0__sequential__lesion__s2__61f5a4bd5b,0.0192083784490406,0.00248884812312,0.25,False,0.5528772883021388,0.002,0.016,ql,0.68,hex_cells,40,100,0.9,0.5276726891565596,0.3,0,0.42,0.08,210,0.4571452784128985,0.2,20,1.2496245181471637,2.3229314052130665e-18,0.2,fixed,sequential_exact,False,sequential,40,180,280,2,-1,1.0,0.6,0.6,80,0.0205986604654272,0,0,40,1.0,2,0,0.25,0.01,0.75,50.0,lesion,30.0,0.45,0.2,0.1,0.002,8.0,0.0195567145542895
56,320,0.4520271396502249,0.5,-0.2849772198543256,0.0,0.125,0.2802502931260656,extended_moore_r2__ql__fixed__intr0__struct0__sequential__lesion__s2__9d8db4ce65,0.0219061738459992,-0.0081441208360931,0.25,False,0.4782049498433351,0.002,0.016,ql,0.68,extended_moore_r2,40,100,0.9,0.5014965398885223,0.3,0,0.42,0.08,210,0.4506441309495313,0.2,20,0.9712476514006476,3.570992605643274e-18,0.2,fixed,sequential_exact,False,sequential,40,180,280,2,-1,1.0,0.6,0.6,80,0.2446014920876593,0,0,40,1.0,2,0,0.25,0.01,0.75,50.0,lesion,30.0,0.45,0.2,0.1,0.002,8.0,0.0218540944599895
56,320,0.4846315422163521,0.5,-0.3215872641379806,0.0,0.125,0.3327154378215496,honeycomb_nnn__ql__fixed__intr0__struct0__sequential__lesion__s2__ca46966871,0.0145636636071913,-0.0118218260750569,0.25,False,0.2498506639933344,0.002,0.016,ql,0.68,honeycomb_nnn,40,100,0.9,0.6035201148721646,0.3,0,0.42,0.08,210,0.4823948626573329,0.2,20,0.9991010467870494,4.1399766676442894e-18,0.2,fixed,sequential_exact,False,sequential,40,180,280,2,-1,1.0,0.6,0.6,80,0.0351612161550911,0,0,40,1.0,2,0,0.25,0.01,0.75,50.0,lesion,30.0,0.45,0.2,0.1,0.002,8.0,0.0145820417975098
56,320,0.4043989066636809,0.5,-0.2486431816242472,0.0,0.125,0.267170389726499,square_vn__ql__fixed__intr0__struct0__sequential__lesion__s3__fc0db9682c,-0.0003784221866229,0.0044621711932462,0.25,False,0.7112058326434757,0.002,0.016,ql,0.68,square_vn,40,100,0.9,0.3645514973244805,0.3,0,0.42,0.08,210,0.398886618233333,0.2,20,1.4708611270080911,1.1502967171027049e-18,0.2,fixed,sequential_exact,False,sequential,40,180,280,3,-1,1.0,0.6,0.6,80,0.0041050799934696,0,0,40,1.0,2,0,0.25,0.01,0.75,50.0,lesion,30.0,0.45,0.2,0.1,0.002,8.0,-0.0119957647183711
56,320,0.459524605689228,0.5,-0.3995214626438478,0.0,0.125,0.2975786953124102,hex_cells__ql__fixed__intr0__struct0__sequential__lesion__s3__2a071d3534,0.0269721785931826,-0.0025206661267246,0.25,False,0.5416215977758589,0.002,0.016,ql,0.68,hex_cells,40,100,0.9,0.5315788665550895,0.3,0,0.42,0.08,210,0.4576683701870853,0.2,20,1.2063303953413342,2.4831530793684927e-18,0.2,fixed,sequential_exact,False,sequential,40,180,280,3,-1,1.0,0.6,0.6,80,0.0134350554693903,0,0,40,1.0,2,0,0.25,0.01,0.75,50.0,lesion,30.0,0.45,0.2,0.1,0.002,8.0,0.0292783767463952
56,320,0.4528805469342695,0.5,-0.2908162492473079,0.0,0.125,0.2804791235201834,extended_moore_r2__ql__fixed__intr0__struct0__sequential__lesion__s3__aa9773f4ed,0.007920952023845,-0.001560076470283,0.25,False,0.4693648704540367,0.002,0.016,ql,0.68,extended_moore_r2,40,100,0.9,0.5012606454987333,0.3,0,0.42,0.08,210,0.4515158518285304,0.2,20,0.9782837151463948,1.3071570145258348e-18,0.2,fixed,sequential_exact,False,sequential,40,180,280,3,-1,1.0,0.6,0.6,80,0.4196096758658679,0,0,40,1.0,2,0,0.25,0.01,0.75,50.0,lesion,30.0,0.45,0.2,0.1,0.002,8.0,0.0087145413597253
56,320,0.4811202219061736,0.5,-0.3186516191844584,0.0,0.125,0.3294542717854005,honeycomb_nnn__ql__fixed__intr0__struct0__sequential__lesion__s3__08bf5ba9fe,0.0176984847701074,0.0100007162923066,0.25,False,0.2635652731012661,0.002,0.016,ql,0.68,honeycomb_nnn,40,100,0.9,0.5984020959314416,0.3,0,0.42,0.08,210,0.4789012992692387,0.2,20,0.9988346147416426,2.397242323697117e-18,0.2,fixed,sequential_exact,False,sequential,40,180,280,3,-1,1.0,0.6,0.6,80,0.0243379097920544,0,0,40,1.0,2,0,0.25,0.01,0.75,50.0,lesion,30.0,0.45,0.2,0.1,0.002,8.0,0.0177246350931985
56,320,0.3976242598468517,0.5,-0.2360799456558418,0.0,0.125,0.262451030760703,square_vn__ql__plastic__intr0__struct0__sequential__baseline__s1__eaf333c203,0.0111964444174506,0.0058727908652083,0.25,False,0.7104997967700916,0.002,0.016,ql,0.68,square_vn,40,100,0.9,0.3593457095093114,0.3,0,0.42,0.08,210,0.4020409806147955,0.2,20,1.4524342087764586,2.374311685084397e-18,0.2,plastic,sequential_exact,False,sequential,40,180,280,1,-1,1.0,0.6,0.6,80,0.0033353032863732,0,0,40,1.0,2,0,0.25,0.01,0.75,50.0,baseline,30.0,0.45,0.2,0.1,0.002,8.0,
56,320,0.4201332844058861,0.5,-0.3291811594938013,0.0,0.125,0.2772044596160138,hex_cells__ql__plastic__intr0__struct0__sequential__baseline__s1__d9d2f92f07,0.0063115518169844,0.0015057550751218,0.25,False,0.6181409701896069,0.002,0.016,ql,0.68,hex_cells,40,100,0.9,0.4476996800613849,0.3,0,0.42,0.08,210,0.420002809693319,0.2,20,1.2793476337434788,2.7119504144470328e-18,0.2,plastic,sequential_exact,False,sequential,40,180,280,1,-1,1.0,0.6,0.6,80,0.0135919227364769,0,0,40,1.0,2,0,0.25,0.01,0.75,50.0,baseline,30.0,0.45,0.2,0.1,0.002,8.0,
56,320,0.3554442930724431,0.5,-0.1761457345605245,0.0,0.125,0.2070253991117032,extended_moore_r2__ql__plastic__intr0__struct0__sequential__baseline__s1__3a26874cd2,0.0610647779446186,0.0359352673247027,0.25,False,0.7659581236226095,0.002,0.016,ql,0.68,extended_moore_r2,40,100,0.9,0.2538244141303282,0.3,0,0.42,0.08,210,0.3597663025147152,0.2,20,0.3929111265468467,5.087591636955063e-18,0.2,plastic,sequential_exact,False,sequential,40,180,280,1,-1,1.0,0.6,0.6,80,0.0697821684953258,0,0,40,0.9322650935374148,2,0,0.25,0.01,0.75,50.0,baseline,30.0,0.45,0.2,0.1,0.002,8.0,
56,320,0.3927988908526679,0.5,-0.2774656274083277,0.0,0.125,0.2575046415136245,honeycomb_nnn__ql__plastic__intr0__struct0__sequential__baseline__s1__240882079e,0.0001663440424557,-0.0030931748766128,0.25,False,0.6735388600173922,0.002,0.016,ql,0.68,honeycomb_nnn,40,100,0.9,0.3879545363732394,0.3,0,0.42,0.08,210,0.3950652208288526,0.2,20,0.8117263012700698,3.706778062407511e-18,0.2,plastic,sequential_exact,False,sequential,40,180,280,1,-1,1.0,0.6,0.6,80,0.0770506436059658,0,0,40,1.0,2,0,0.25,0.01,0.75,50.0,baseline,30.0,0.45,0.2,0.1,0.002,8.0,
56,320,0.4029914707716542,0.5,-0.249758507707886,0.0,0.125,0.2615007117236064,square_vn__ql__plastic__intr0__struct0__sequential__baseline__s2__f98cac28d7,-0.0015873468533756,-0.0087618783368625,0.25,False,0.7135082010287593,0.002,0.016,ql,0.68,square_vn,40,100,0.9,0.3617870940177934,0.3,0,0.42,0.08,210,0.4041212872851398,0.2,20,1.4734989831584808,2.782547945991621e-18,0.2,plastic,sequential_exact,False,sequential,40,180,280,2,-1,1.0,0.6,0.6,80,0.0033701661919149,0,0,40,1.0,2,0,0.25,0.01,0.75,50.0,baseline,30.0,0.45,0.2,0.1,0.002,8.0,
56,320,0.4203159581463322,0.5,-0.3333490537247934,0.0,0.125,0.2786207385903571,hex_cells__ql__plastic__intr0__struct0__sequential__baseline__s2__57cd3a60e0,-0.0037133175245484,-0.0146945315519727,0.25,False,0.6222923192672659,0.002,0.016,ql,0.68,hex_cells,40,100,0.9,0.4458750219536484,0.3,0,0.42,0.08,210,0.4197252183580959,0.2,20,1.2635280027015223,3.133619458719364e-18,0.2,plastic,sequential_exact,False,sequential,40,180,280,2,-1,1.0,0.6,0.6,80,0.019563344252175,0,0,40,1.0,2,0,0.25,0.01,0.75,50.0,baseline,30.0,0.45,0.2,0.1,0.002,8.0,
56,320,0.3390948694763795,0.5,-0.2050682677630067,0.0,0.125,0.2178582572288321,extended_moore_r2__ql__plastic__intr0__struct0__sequential__baseline__s2__1e954aed8d,-0.0229569669800938,0.0067392548895832,0.25,False,0.7272348822894784,0.002,0.016,ql,0.68,extended_moore_r2,40,100,0.9,0.2752822721290225,0.3,0,0.42,0.08,210,0.3441921085975916,0.2,20,0.4721661064870474,4.718127961878055e-18,0.2,plastic,sequential_exact,False,sequential,40,180,280,2,-1,1.0,0.6,0.6,80,0.0624036568674857,0,0,40,0.9197624362244898,2,0,0.25,0.01,0.75,50.0,baseline,30.0,0.45,0.2,0.1,0.002,8.0,
56,320,0.3964750632108462,0.5,-0.2811942680757582,0.0,0.125,0.2609672364447838,honeycomb_nnn__ql__plastic__intr0__struct0__sequential__baseline__s2__8f2a68cee4,-0.0065435278420465,0.0190391296121194,0.25,False,0.6391677729609931,0.002,0.016,ql,0.68,honeycomb_nnn,40,100,0.9,0.4107694120542824,0.3,0,0.42,0.08,210,0.3981858052181096,0.2,20,0.9042188202949862,3.3506551304470757e-18,0.2,plastic,sequential_exact,False,sequential,40,180,280,2,-1,1.0,0.6,0.6,80,0.0591130315549363,0,0,40,1.0,2,0,0.25,0.01,0.75,50.0,baseline,30.0,0.45,0.2,0.1,0.002,8.0,
56,320,0.3998707218060929,0.5,-0.2553184727817244,0.0,0.125,0.2632261633413328,square_vn__ql__plastic__intr0__struct0__sequential__baseline__s3__063ab45d84,0.0001378267539027,-0.0138097977640483,0.25,False,0.7086558961253128,0.002,0.016,ql,0.68,square_vn,40,100,0.9,0.3654658756024325,0.3,0,0.42,0.08,210,0.401733232991239,0.2,20,1.4788570386758737,2.273339580162665e-18,0.2,plastic,sequential_exact,False,sequential,40,180,280,3,-1,1.0,0.6,0.6,80,0.0041868871958112,0,0,40,1.0,2,0,0.25,0.01,0.75,50.0,baseline,30.0,0.45,0.2,0.1,0.002,8.0,
56,320,0.4202489298908778,0.5,-0.3289147043446599,0.0,0.125,0.2795579395108604,hex_cells__ql__plastic__intr0__struct0__sequential__baseline__s3__4bd37b70c0,-0.0062337704896725,-0.0027145800609032,0.25,False,0.6168914412750253,0.002,0.016,ql,0.68,hex_cells,40,100,0.9,0.448457533438364,0.3,0,0.42,0.08,210,0.4208157389228839,0.2,20,1.2843963703601189,2.667068217790035e-18,0.2,plastic,sequential_exact,False,sequential,40,180,280,3,-1,1.0,0.6,0.6,80,0.0137866570002337,0,0,40,1.0,2,0,0.25,0.01,0.75,50.0,baseline,30.0,0.45,0.2,0.1,0.002,8.0,
56,320,0.3557729046011748,0.5,-0.1716377186533066,0.0,0.125,0.2070019094735506,extended_moore_r2__ql__plastic__intr0__struct0__sequential__baseline__s3__fe1a4443a1,0.0092491748040341,0.0388841598165397,0.25,False,0.7607960827728437,0.002,0.016,ql,0.68,extended_moore_r2,40,100,0.9,0.2570080491571481,0.3,0,0.42,0.08,210,0.3594034062902717,0.2,20,0.4199437264650465,4.2134833167880535e-18,0.2,plastic,sequential_exact,False,sequential,40,180,280,3,-1,1.0,0.6,0.6,80,0.0795074889285801,0,0,40,0.9310825892857144,2,0,0.25,0.01,0.75,50.0,baseline,30.0,0.45,0.2,0.1,0.002,8.0,
56,320,0.407022162226923,0.5,-0.2706380245911345,0.0,0.125,0.2610039301486234,honeycomb_nnn__ql__plastic__intr0__struct0__sequential__baseline__s3__01cb11a56f,-0.0072841965666459,-0.0071109046220665,0.25,False,0.6349135762236622,0.002,0.016,ql,0.68,honeycomb_nnn,40,100,0.9,0.4151138034033555,0.3,0,0.42,0.08,210,0.4072325935959407,0.2,20,0.9470361020180664,3.116537270900811e-18,0.2,plastic,sequential_exact,False,sequential,40,180,280,3,-1,1.0,0.6,0.6,80,0.0523252432836453,0,0,40,1.0,2,0,0.25,0.01,0.75,50.0,baseline,30.0,0.45,0.2,0.1,0.002,8.0,
56,320,0.4000883724526513,0.5,-0.2427362614427335,0.0,0.125,0.263671845206091,square_vn__ql__plastic__intr0__struct0__sequential__lesion__s1__a90719800b,-0.0082237047808504,-0.000694950211385,0.25,False,0.7101551707730899,0.002,0.016,ql,0.68,square_vn,40,100,0.9,0.3621738576899842,0.3,0,0.42,0.08,210,0.3987575111384774,0.2,20,1.454544162412068,2.6765845581231848e-18,0.2,plastic,sequential_exact,False,sequential,40,180,280,1,-1,1.0,0.6,0.6,80,0.0042966502863532,0,0,40,1.0,2,0,0.25,0.01,0.75,50.0,lesion,30.0,0.45,0.2,0.1,0.002,8.0,-0.0079768845267977
56,320,0.4212143715285328,0.5,-0.346169655505076,0.0,0.125,0.2781971648500784,hex_cells__ql__plastic__intr0__struct0__sequential__lesion__s1__5244e57a49,0.0115059553280346,0.0009423423172915,0.25,False,0.6122087709509906,0.002,0.016,ql,0.68,hex_cells,40,100,0.9,0.4564956916947013,0.3,0,0.42,0.08,210,0.420143623857783,0.2,20,1.3014253288068671,3.197461915390659e-18,0.2,plastic,sequential_exact,False,sequential,40,180,280,1,-1,1.0,0.6,0.6,80,0.0179334229453245,0,0,40,1.0,2,0,0.25,0.01,0.75,50.0,lesion,30.0,0.45,0.2,0.1,0.002,8.0,0.0138202004264943
56,320,0.3779652687078034,0.5,-0.2132643123159657,0.0,0.125,0.1886949372561126,extended_moore_r2__ql__plastic__intr0__struct0__sequential__lesion__s1__98c801ae98,0.0108396938293373,-0.0126876709356829,0.25,False,0.8058515542248799,0.002,0.016,ql,0.68,extended_moore_r2,40,100,0.9,0.2516979769563245,0.3,0,0.42,0.08,210,0.3816881618623004,0.2,20,0.2374773001437525,4.962804002280538e-18,0.2,plastic,sequential_exact,False,sequential,40,180,280,1,-1,1.0,0.6,0.6,80,0.0748682046808185,0,0,40,0.9594228316326532,2,0,0.25,0.01,0.75,50.0,lesion,30.0,0.45,0.2,0.1,0.002,8.0,0.0141775367332315
56,320,0.4112222643598742,0.5,-0.2907116217334085,0.0,0.125,0.2679763608579397,honeycomb_nnn__ql__plastic__intr0__struct0__sequential__lesion__s1__6dd17856ae,-0.0068758843311204,0.0011644077844332,0.25,False,0.5851694550951095,0.002,0.016,ql,0.68,honeycomb_nnn,40,100,0.9,0.4528824668270033,0.3,0,0.42,0.08,210,0.411026800665542,0.2,20,0.9972785362798616,3.61052118369161e-18,0.2,plastic,sequential_exact,False,sequential,40,180,280,1,-1,1.0,0.6,0.6,80,0.0479918759943162,0,0,40,1.0,2,0,0.25,0.01,0.75,50.0,lesion,30.0,0.45,0.2,0.1,0.002,8.0,-0.0121447718603152
56,320,0.4023563164539198,0.5,-0.2368607109977543,0.0,0.125,0.2667898057123283,square_vn__ql__plastic__intr0__struct0__sequential__lesion__s2__0d1e8fec6a,-0.0097657272811243,0.0054192435430419,0.25,False,0.7123243506474681,0.002,0.016,ql,0.68,square_vn,40,100,0.9,0.3606692396654985,0.3,0,0.42,0.08,210,0.3970171978166121,0.2,20,1.4510723633935818,3.800370117490681e-19,0.2,plastic,sequential_exact,False,sequential,40,180,280,2,-1,1.0,0.6,0.6,80,0.0041181373767591,0,0,40,1.0,2,0,0.25,0.01,0.75,50.0,lesion,30.0,0.45,0.2,0.1,0.002,8.0,0.0023076984759111
56,320,0.4238867930487682,0.5,-0.3542057658162727,0.0,0.125,0.2798228273322645,hex_cells__ql__plastic__intr0__struct0__sequential__lesion__s2__d72c270b7e,-0.001953531989721,0.0032436686558183,0.25,False,0.6082101190773915,0.002,0.016,ql,0.68,hex_cells,40,100,0.9,0.4621739439205286,0.3,0,0.42,0.08,210,0.4224392710888371,0.2,20,1.3017599952782486,2.1209612086804216e-18,0.2,plastic,sequential_exact,False,sequential,40,180,280,2,-1,1.0,0.6,0.6,80,0.0151025673611986,0,0,40,1.0,2,0,0.25,0.01,0.75,50.0,lesion,30.0,0.45,0.2,0.1,0.002,8.0,-2.801554761043793e-05
56,320,0.3787244126935398,0.5,-0.2138730411313716,0.0,0.125,0.1921855734031982,extended_moore_r2__ql__plastic__intr0__struct0__sequential__lesion__s2__19174e5bf9,-0.0091743529419305,0.0006193992741788,0.25,False,0.7987639292588268,0.002,0.016,ql,0.68,extended_moore_r2,40,100,0.9,0.260062438362407,0.3,0,0.42,0.08,210,0.381682364349194,0.2,20,0.2409849018881092,4.320833903930309e-18,0.2,plastic,sequential_exact,False,sequential,40,180,280,2,-1,1.0,0.6,0.6,80,0.0917193453229184,0,0,40,0.9596354166666666,2,0,0.25,0.01,0.75,50.0,lesion,30.0,0.45,0.2,0.1,0.002,8.0,-0.0057481027796256
56,320,0.4233841723589113,0.5,-0.2964068728943057,0.0,0.125,0.2675504592787816,honeycomb_nnn__ql__plastic__intr0__struct0__sequential__lesion__s2__fbe5d45989,-0.0193983795003326,-0.0009896200702343,0.25,False,0.5569201215600375,0.002,0.016,ql,0.68,honeycomb_nnn,40,100,0.9,0.4732409831106989,0.3,0,0.42,0.08,210,0.4229473907392652,0.2,20,1.055482008453078,2.9418591101646967e-18,0.2,plastic,sequential_exact,False,sequential,40,180,280,2,-1,1.0,0.6,0.6,80,0.0588725413610007,0,0,40,0.9999645691609976,2,0,0.25,0.01,0.75,50.0,lesion,30.0,0.45,0.2,0.1,0.002,8.0,-0.0165602386301002
56,320,0.4009752004171525,0.5,-0.2328586076303791,0.0,0.125,0.2685606727835211,square_vn__ql__plastic__intr0__struct0__sequential__lesion__s3__80539cd6d8,-0.0117431292041948,-0.0029482864833366,0.25,False,0.7104498495671453,0.002,0.016,ql,0.68,square_vn,40,100,0.9,0.3600683697220843,0.3,0,0.42,0.08,210,0.3966795790211871,0.2,20,1.439717330016937,1.6471486989433229e-18,0.2,plastic,sequential_exact,False,sequential,40,180,280,3,-1,1.0,0.6,0.6,80,0.004186926220532,0,0,40,1.0,2,0,0.25,0.01,0.75,50.0,lesion,30.0,0.45,0.2,0.1,0.002,8.0,-0.0424499046183219
56,320,0.4219140715525316,0.5,-0.3452826511552971,0.0,0.125,0.2774485747271444,hex_cells__ql__plastic__intr0__struct0__sequential__lesion__s3__7ba275eb8c,-0.0032281678524995,0.0001809070850028,0.25,False,0.6079329517830425,0.002,0.016,ql,0.68,hex_cells,40,100,0.9,0.4595967695435761,0.3,0,0.42,0.08,210,0.4202244991153217,0.2,20,1.3119502070982003,1.7092472449704258e-18,0.2,plastic,sequential_exact,False,sequential,40,180,280,3,-1,1.0,0.6,0.6,80,0.0202913279283272,0,0,40,1.0,2,0,0.25,0.01,0.75,50.0,lesion,30.0,0.45,0.2,0.1,0.002,8.0,-0.0007517233806093
56,320,0.3859769815979008,0.5,-0.2023986412995351,0.0,0.125,0.1870364313031142,extended_moore_r2__ql__plastic__intr0__struct0__sequential__lesion__s3__bd153ecf72,0.0021029785462688,-0.0289328426997166,0.25,False,0.813853519800999,0.002,0.016,ql,0.68,extended_moore_r2,40,100,0.9,0.2498112661202709,0.3,0,0.42,0.08,210,0.3887968439265479,0.2,20,0.2855230009357141,5.070612072592e-18,0.2,plastic,sequential_exact,False,sequential,40,180,280,3,-1,1.0,0.6,0.6,80,0.0853550709455944,0,0,40,0.9639402636054422,2,0,0.25,0.01,0.75,50.0,lesion,30.0,0.45,0.2,0.1,0.002,8.0,0.002199337442734
56,320,0.4100648929293506,0.5,-0.2912262602107114,0.0,0.125,0.2651920526975294,honeycomb_nnn__ql__plastic__intr0__struct0__sequential__lesion__s3__8171852723,0.0118133705312438,0.0002926648358364,0.25,False,0.5838425771845569,0.002,0.016,ql,0.68,honeycomb_nnn,40,100,0.9,0.4522470710038353,0.3,0,0.42,0.08,210,0.4107614910345407,0.2,20,1.008392990839395,3.437137828784773e-18,0.2,plastic,sequential_exact,False,sequential,40,180,280,3,-1,1.0,0.6,0.6,80,0.0663615188982842,0,0,40,0.9999645691609976,2,0,0.25,0.01,0.75,50.0,lesion,30.0,0.45,0.2,0.1,0.002,8.0,0.0188517454685123
56,320,0.4140292655866231,0.5,-0.3076695009926453,0.0,0.125,0.0,square_moore__markov__fixed__intr0__struct0__sequential__baseline__s1__556ee7f8f8,-0.0050077755097865,0.0135138476412733,0.25,False,0.6029582343032157,0.002,0.016,markov,0.68,square_moore,40,100,0.9,0.442179858222147,0.3,0,0.42,0.08,210,0.4147002631255604,0.2,20,1.390026922399924,4.843753682676042e-18,0.2,fixed,sequential_exact,False,sequential,40,180,280,1,-1,1.0,0.6,0.6,80,0.0588692079774425,0,0,40,1.0,2,0,0.25,0.01,0.75,50.0,baseline,30.0,0.45,0.2,0.1,0.002,8.0,
56,320,0.3905784441659806,0.5,-0.166472341482588,0.0,0.125,0.0,honeycomb__markov__fixed__intr0__struct0__sequential__baseline__s1__93f4b40d68,0.0050429961244215,-0.0021149621266061,0.25,False,0.6787974556198327,0.002,0.016,markov,0.68,honeycomb,40,100,0.9,0.3569831198500672,0.3,0,0.42,0.08,210,0.3910770431775165,0.2,20,1.5524512030756572,3.170007856300302e-18,0.2,fixed,sequential_exact,False,sequential,40,180,280,1,-1,1.0,0.6,0.6,80,0.0032896033742513,0,0,40,1.0,2,0,0.25,0.01,0.75,50.0,baseline,30.0,0.45,0.2,0.1,0.002,8.0,
56,320,0.4518201267355317,0.5,-0.2385994779995044,0.0,0.125,0.0,extended_hex_r2__markov__fixed__intr0__struct0__sequential__baseline__s1__90619871bd,-0.0025660808486671,0.0013727740517711,0.25,False,0.5713382790565786,0.002,0.016,markov,0.68,extended_hex_r2,40,100,0.9,0.4677165225824944,0.3,0,0.42,0.08,210,0.4517472882472607,0.2,20,0.9490235939664948,9.132777998139393e-19,0.2,fixed,sequential_exact,False,sequential,40,180,280,1,-1,1.0,0.6,0.6,80,0.4373879794673272,0,0,40,1.0,2,0,0.25,0.01,0.75,50.0,baseline,30.0,0.45,0.2,0.1,0.002,8.0,
56,320,0.4139436602348083,0.5,-0.2938715061678999,0.0,0.125,0.0,square_moore__markov__fixed__intr0__struct0__sequential__baseline__s2__97e69c9cc6,0.0043715950584324,0.0075061790227308,0.25,False,0.606541704437176,0.002,0.016,markov,0.68,square_moore,40,100,0.9,0.4355891333805087,0.3,0,0.42,0.08,210,0.4136708250166561,0.2,20,1.386197563167185,3.746666840233194e-18,0.2,fixed,sequential_exact,False,sequential,40,180,280,2,-1,1.0,0.6,0.6,80,0.1941977955385102,0,0,40,1.0,2,0,0.25,0.01,0.75,50.0,baseline,30.0,0.45,0.2,0.1,0.002,8.0,
56,320,0.3866051130885395,0.5,-0.1462067898566023,0.0,0.125,0.0,honeycomb__markov__fixed__intr0__struct0__sequential__baseline__s2__4f465fa9e4,0.0017972608670598,0.0011722504123316,0.25,False,0.6742282108853441,0.002,0.016,markov,0.68,honeycomb,40,100,0.9,0.3529402425531616,0.3,0,0.42,0.08,210,0.3882982245942273,0.2,20,1.555766220188639,2.2355245183816098e-18,0.2,fixed,sequential_exact,False,sequential,40,180,280,2,-1,1.0,0.6,0.6,80,0.0038955795367884,0,0,40,1.0,2,0,0.25,0.01,0.75,50.0,baseline,30.0,0.45,0.2,0.1,0.002,8.0,
56,320,0.4508995854287723,0.5,-0.2373145016644434,0.0,0.125,0.0,extended_hex_r2__markov__fixed__intr0__struct0__sequential__baseline__s2__42075d446b,0.0006816459399643,0.0007944948698398,0.25,False,0.6136725809062006,0.002,0.016,markov,0.68,extended_hex_r2,40,100,0.9,0.443498485128369,0.3,0,0.42,0.08,210,0.451325077051694,0.2,20,0.933293772103762,1.3663684394273293e-18,0.2,fixed,sequential_exact,False,sequential,40,180,280,2,-1,1.0,0.6,0.6,80,0.3012711046408643,0,0,40,1.0,2,0,0.25,0.01,0.75,50.0,baseline,30.0,0.45,0.2,0.1,0.002,8.0,
56,320,0.4136066347413346,0.5,-0.2988369268650412,0.0,0.125,0.0,square_moore__markov__fixed__intr0__struct0__sequential__baseline__s3__9e65c586e3,-7.448644577518736e-05,0.0047873734180275,0.25,False,0.6036328802204406,0.002,0.016,markov,0.68,square_moore,40,100,0.9,0.4379137369758779,0.3,0,0.42,0.08,210,0.4139551616083686,0.2,20,1.397801808892316,4.905012913248348e-18,0.2,fixed,sequential_exact,False,sequential,40,180,280,3,-1,1.0,0.6,0.6,80,0.1728168547069487,0,0,40,1.0,2,0,0.25,0.01,0.75,50.0,baseline,30.0,0.45,0.2,0.1,0.002,8.0,
56,320,0.3934075369667644,0.5,-0.1777468674244285,0.0,0.125,0.0,honeycomb__markov__fixed__intr0__struct0__sequential__baseline__s3__8a5d9cc4ce,-0.0055855968628484,-0.0101678805331461,0.25,False,0.6822747964583509,0.002,0.016,markov,0.68,honeycomb,40,100,0.9,0.3592705985993481,0.3,0,0.42,0.08,210,0.3897642571305432,0.2,20,1.5719252130768038,3.1432860545677078e-18,0.2,fixed,sequential_exact,False,sequential,40,180,280,3,-1,1.0,0.6,0.6,80,0.0036407095390418,0,0,40,1.0,2,0,0.25,0.01,0.75,50.0,baseline,30.0,0.45,0.2,0.1,0.002,8.0,
56,320,0.4518414663456028,0.5,-0.2387639289689097,0.0,0.125,0.0,extended_hex_r2__markov__fixed__intr0__struct0__sequential__baseline__s3__1c2213955d,-0.0016644501097572,0.0022982371690879,0.25,False,0.5694059346926114,0.002,0.016,markov,0.68,extended_hex_r2,40,100,0.9,0.4686784664066866,0.3,0,0.42,0.08,210,0.4512142899792247,0.2,20,0.9466925421896047,1.6836038864434317e-18,0.2,fixed,sequential_exact,False,sequential,40,180,280,3,-1,1.0,0.6,0.6,80,0.4792844504353136,0,0,40,1.0,2,0,0.25,0.01,0.75,50.0,baseline,30.0,0.45,0.2,0.1,0.002,8.0,
56,320,0.4153406122190382,0.5,-0.302288328171747,0.0,0.125,0.0,square_moore__markov__fixed__intr0__struct0__sequential__lesion__s1__5ded62c7ee,0.0052560977656096,0.004187103371917,0.25,False,0.6044064106009056,0.002,0.016,markov,0.68,square_moore,40,100,0.9,0.4404543566553225,0.3,0,0.42,0.08,210,0.4083200198251399,0.2,20,1.3791604921706793,4.50771110058178e-18,0.2,fixed,sequential_exact,False,sequential,40,180,280,1,-1,1.0,0.6,0.6,80,0.0776178208962295,0,0,40,1.0,2,0,0.25,0.01,0.75,50.0,lesion,30.0,0.45,0.2,0.1,0.002,8.0,0.0003363640270357
56,320,0.1974883910122394,0.5,0.3945039673457127,0.0,0.125,0.0,honeycomb__markov__fixed__intr0__struct0__sequential__lesion__s1__3c8dc559e8,0.1724137842616416,0.1782584469010154,0.25,False,0.3468766556398932,0.002,0.016,markov,0.68,honeycomb,40,100,0.9,0.1816591448736074,0.3,0,0.42,0.08,210,0.1845890921825644,0.2,20,1.368113425847156,2.7656885579746337e-18,0.2,fixed,sequential_exact,False,sequential,40,180,280,1,-1,1.0,0.6,0.6,80,0.1753160833155438,0,0,40,1.0,2,0,0.25,0.01,0.75,50.0,lesion,30.0,0.45,0.2,0.1,0.002,8.0,0.1464294875755238
56,320,0.4505184540437661,0.5,-0.2363332506477321,0.0,0.125,0.0,extended_hex_r2__markov__fixed__intr0__struct0__sequential__lesion__s1__ed9f70b2e5,0.0059633585745749,0.003752915861817,0.25,False,0.6285469676566557,0.002,0.016,markov,0.68,extended_hex_r2,40,100,0.9,0.4354451983366874,0.3,0,0.42,0.08,210,0.4476764706374943,0.2,20,0.925665061211537,1.5595856799360693e-18,0.2,fixed,sequential_exact,False,sequential,40,180,280,1,-1,1.0,0.6,0.6,80,0.2183998629651336,0,0,40,1.0,2,0,0.25,0.01,0.75,50.0,lesion,30.0,0.45,0.2,0.1,0.002,8.0,-0.0011181591949738
56,320,0.4167694182491763,0.5,-0.3096046473006432,0.0,0.125,0.0,square_moore__markov__fixed__intr0__struct0__sequential__lesion__s2__a418a8b6bb,-0.0007971849930089,-0.0024020025817759,0.25,False,0.5993541200570621,0.002,0.016,markov,0.68,square_moore,40,100,0.9,0.4455225692740001,0.3,0,0.42,0.08,210,0.4099416955537284,0.2,20,1.3879571718722044,5.7058137961714725e-18,0.2,fixed,sequential_exact,False,sequential,40,180,280,2,-1,1.0,0.6,0.6,80,0.1341423967462451,0,0,40,1.0,2,0,0.25,0.01,0.75,50.0,lesion,30.0,0.45,0.2,0.1,0.002,8.0,-0.0070538553510529
56,320,0.1853068513268821,0.5,0.3966770485000301,0.0,0.125,0.0,honeycomb__markov__fixed__intr0__struct0__sequential__lesion__s2__3e9459619b,0.1940651180796807,0.1944503911574566,0.25,False,0.3202171812840071,0.002,0.016,markov,0.68,honeycomb,40,100,0.9,0.1737192746859331,0.3,0,0.42,0.08,210,0.1736947662915949,0.2,20,1.325225037669535,2.2250341306109205e-18,0.2,fixed,sequential_exact,False,sequential,40,180,280,2,-1,1.0,0.6,0.6,80,0.1747466986836544,0,0,40,1.0,2,0,0.25,0.01,0.75,50.0,lesion,30.0,0.45,0.2,0.1,0.002,8.0,0.1785862218631239
56,320,0.4499565679062073,0.5,-0.2353057015856008,0.0,0.125,0.0,extended_hex_r2__markov__fixed__intr0__struct0__sequential__lesion__s2__1d56a74e29,-0.0027276394842296,-0.0036162087554842,0.25,False,0.6540541227020245,0.002,0.016,markov,0.68,extended_hex_r2,40,100,0.9,0.4193267682079893,0.3,0,0.42,0.08,210,0.4479006423167502,0.2,20,0.9124793485672784,1.6825995364150023e-18,0.2,fixed,sequential_exact,False,sequential,40,180,280,2,-1,1.0,0.6,0.6,80,0.1072191613209668,0,0,40,1.0,2,0,0.25,0.01,0.75,50.0,lesion,30.0,0.45,0.2,0.1,0.002,8.0,0.003210991935711
56,320,0.4132227476701144,0.5,-0.3108791292643478,0.0,0.125,0.0,square_moore__markov__fixed__intr0__struct0__sequential__lesion__s3__bc7afc1844,-0.0049856506643826,0.0052255566969136,0.25,False,0.5889573377031495,0.002,0.016,markov,0.68,square_moore,40,100,0.9,0.4486779722522825,0.3,0,0.42,0.08,210,0.4102458942943961,0.2,20,1.411129433473093,4.5500030521598664e-18,0.2,fixed,sequential_exact,False,sequential,40,180,280,3,-1,1.0,0.6,0.6,80,0.0879288745032881,0,0,40,1.0,2,0,0.25,0.01,0.75,50.0,lesion,30.0,0.45,0.2,0.1,0.002,8.0,0.0049114125747693
56,320,0.2271992304468243,0.5,0.3306594748367249,0.0,0.125,0.0,honeycomb__markov__fixed__intr0__struct0__sequential__lesion__s3__b615d13b79,0.1493548159252068,0.1549773736844024,0.25,False,0.3977295288697459,0.002,0.016,markov,0.68,honeycomb,40,100,0.9,0.2115117198260238,0.3,0,0.42,0.08,210,0.2180280906624809,0.2,20,1.4570355263199442,2.3992704451109417e-18,0.2,fixed,sequential_exact,False,sequential,40,180,280,3,-1,1.0,0.6,0.6,80,0.1604501166168388,0,0,40,1.0,2,0,0.25,0.01,0.75,50.0,lesion,30.0,0.45,0.2,0.1,0.002,8.0,0.1467669903888293
56,320,0.4507058220384364,0.5,-0.2368255704046326,0.0,0.125,0.0,extended_hex_r2__markov__fixed__intr0__struct0__sequential__lesion__s3__cd78fd31b1,-0.0079398243763178,0.0028705561004728,0.25,False,0.6225850228901204,0.002,0.016,markov,0.68,extended_hex_r2,40,100,0.9,0.4380659259550568,0.3,0,0.42,0.08,210,0.4481458764559816,0.2,20,0.9266057184474972,1.619457269831998e-18,0.2,fixed,sequential_exact,False,sequential,40,180,280,3,-1,1.0,0.6,0.6,80,0.1634804848314733,0,0,40,1.0,2,0,0.25,0.01,0.75,50.0,lesion,30.0,0.45,0.2,0.1,0.002,8.0,-0.0025464647163377
56,320,0.4006702650125412,0.5,-0.3932115955679176,0.0,0.125,0.0,square_moore__markov__plastic__intr0__struct0__sequential__baseline__s1__679d3f99e0,-0.0045184327057987,-0.0066636863908181,0.25,False,0.5109797599692679,0.002,0.016,markov,0.68,square_moore,40,100,0.9,0.5087202367781513,0.3,0,0.42,0.08,210,0.4017514575272088,0.2,20,1.5705298363390103,2.828924776737471e-18,0.2,plastic,sequential_exact,False,sequential,40,180,280,1,-1,1.0,0.6,0.6,80,0.149804933094912,0,0,40,1.0,2,0,0.25,0.01,0.75,50.0,baseline,30.0,0.45,0.2,0.1,0.002,8.0,
56,320,0.388982522190251,0.5,-0.1559199458861461,0.0,0.125,0.0,honeycomb__markov__plastic__intr0__struct0__sequential__baseline__s1__60162d990f,-0.0060888669129084,0.0023743963808223,0.25,False,0.6792239236308064,0.002,0.016,markov,0.68,honeycomb,40,100,0.9,0.3543570633493393,0.3,0,0.42,0.08,210,0.390608004691956,0.2,20,1.5550191551992445,2.277838744367729e-18,0.2,plastic,sequential_exact,False,sequential,40,180,280,1,-1,1.0,0.6,0.6,80,0.0033455315090828,0,0,40,1.0,2,0,0.25,0.01,0.75,50.0,baseline,30.0,0.45,0.2,0.1,0.002,8.0,
56,320,0.4466042710451399,0.5,-0.2333594920996608,0.0,0.125,0.0,extended_hex_r2__markov__plastic__intr0__struct0__sequential__baseline__s1__94d5367564,-0.0034490753342125,-0.0046414677338303,0.25,False,0.9887499231068188,0.002,0.016,markov,0.68,extended_hex_r2,40,100,0.9,0.0385661178408002,0.3,0,0.42,0.08,210,0.4466321644005367,0.2,20,0.0,0.0,0.2,plastic,sequential_exact,False,sequential,40,180,280,1,-1,1.0,0.6,0.6,80,0.1150322899548679,0,0,40,1.0,2,0,0.25,0.01,0.75,50.0,baseline,30.0,0.45,0.2,0.1,0.002,8.0,
56,320,0.403977925121592,0.5,-0.3863109103408335,0.0,0.125,0.0,square_moore__markov__plastic__intr0__struct0__sequential__baseline__s2__e4795bb278,-0.0057083737791154,0.0012384476583126,0.25,False,0.5196969646866147,0.002,0.016,markov,0.68,square_moore,40,100,0.9,0.504821735431419,0.3,0,0.42,0.08,210,0.4043445990553811,0.2,20,1.5683538455023165,3.226518519142172e-18,0.2,plastic,sequential_exact,False,sequential,40,180,280,2,-1,1.0,0.6,0.6,80,0.0486711763503849,0,0,40,1.0,2,0,0.25,0.01,0.75,50.0,baseline,30.0,0.45,0.2,0.1,0.002,8.0,
56,320,0.3886057409570764,0.5,-0.1524006942208748,0.0,0.125,0.0,honeycomb__markov__plastic__intr0__struct0__sequential__baseline__s2__07d3ef474b,-0.0127919158632093,-0.0066801076351937,0.25,False,0.6730019835608997,0.002,0.016,markov,0.68,honeycomb,40,100,0.9,0.3552771882879122,0.3,0,0.42,0.08,210,0.390591389250983,0.2,20,1.576630854623638,1.2472518840729417e-18,0.2,plastic,sequential_exact,False,sequential,40,180,280,2,-1,1.0,0.6,0.6,80,0.0037274452557453,0,0,40,1.0,2,0,0.25,0.01,0.75,50.0,baseline,30.0,0.45,0.2,0.1,0.002,8.0,
56,320,0.4459028635701677,0.5,-0.2321208395610629,0.0,0.125,0.0,extended_hex_r2__markov__plastic__intr0__struct0__sequential__baseline__s2__5d456aecc7,0.0081840226520012,0.0148450672859938,0.25,False,0.987119307016868,0.002,0.016,markov,0.68,extended_hex_r2,40,100,0.9,0.0493626641726732,0.3,0,0.42,0.08,210,0.4459491681109684,0.2,20,0.0,0.0,0.2,plastic,sequential_exact,False,sequential,40,180,280,2,-1,1.0,0.6,0.6,80,0.1405490666918609,0,0,40,1.0,2,0,0.25,0.01,0.75,50.0,baseline,30.0,0.45,0.2,0.1,0.002,8.0,
56,320,0.4057635740541204,0.5,-0.3840018028762091,0.0,0.125,0.0,square_moore__markov__plastic__intr0__struct0__sequential__baseline__s3__86d45b66fc,0.004517916269301,0.0043251601078957,0.25,False,0.5249941105430619,0.002,0.016,markov,0.68,square_moore,40,100,0.9,0.5010412065789704,0.3,0,0.42,0.08,210,0.405945439932433,0.2,20,1.5480318049664454,4.366645921204396e-18,0.2,plastic,sequential_exact,False,sequential,40,180,280,3,-1,1.0,0.6,0.6,80,0.0350861726785561,0,0,40,1.0,2,0,0.25,0.01,0.75,50.0,baseline,30.0,0.45,0.2,0.1,0.002,8.0,
56,320,0.3905558304059719,0.5,-0.1707932585486404,0.0,0.125,0.0,honeycomb__markov__plastic__intr0__struct0__sequential__baseline__s3__077fcad983,-0.0085199962752509,-0.0060958048702095,0.25,False,0.677577882214071,0.002,0.016,markov,0.68,honeycomb,40,100,0.9,0.3591708885122395,0.3,0,0.42,0.08,210,0.3895828243101765,0.2,20,1.5928337169269131,1.7030292795046226e-18,0.2,plastic,sequential_exact,False,sequential,40,180,280,3,-1,1.0,0.6,0.6,80,0.0039870983459993,0,0,40,1.0,2,0,0.25,0.01,0.75,50.0,baseline,30.0,0.45,0.2,0.1,0.002,8.0,
56,320,0.4455660812309609,0.5,-0.2302159984507142,0.0,0.125,0.0,extended_hex_r2__markov__plastic__intr0__struct0__sequential__baseline__s3__f659e638c0,-0.0116346020999334,-0.0087251784838906,0.25,False,0.9895381174957372,0.002,0.016,markov,0.68,extended_hex_r2,40,100,0.9,0.0315183530440295,0.3,0,0.42,0.08,210,0.4453883228115814,0.2,20,0.0,0.0,0.2,plastic,sequential_exact,False,sequential,40,180,280,3,-1,1.0,0.6,0.6,80,0.2212908591222987,0,0,40,1.0,2,0,0.25,0.01,0.75,50.0,baseline,30.0,0.45,0.2,0.1,0.002,8.0,
56,320,0.4065635939256433,0.5,-0.3933902781667953,0.0,0.125,0.0,square_moore__markov__plastic__intr0__struct0__sequential__lesion__s1__a77c178b21,0.0060900799919861,0.0044991826156453,0.25,False,0.491809041512324,0.002,0.016,markov,0.68,square_moore,40,100,0.9,0.5169102944096627,0.3,0,0.42,0.08,210,0.4040812185981101,0.2,20,1.5701906034594255,4.282477124083745e-18,0.2,plastic,sequential_exact,False,sequential,40,180,280,1,-1,1.0,0.6,0.6,80,0.0748285972891102,0,0,40,0.9999601403061223,2,0,0.25,0.01,0.75,50.0,lesion,30.0,0.45,0.2,0.1,0.002,8.0,0.004021099457038
56,320,0.1756920254826124,0.5,0.4310292865505925,0.0,0.125,0.0,honeycomb__markov__plastic__intr0__struct0__sequential__lesion__s1__dc6e692c4b,0.2145885372150403,0.1976005631454395,0.25,False,0.3139760599303033,0.002,0.016,markov,0.68,honeycomb,40,100,0.9,0.1601209896125157,0.3,0,0.42,0.08,210,0.1689473308927341,0.2,20,1.2804888414340825,2.032517865097549e-18,0.2,plastic,sequential_exact,False,sequential,40,180,280,1,-1,1.0,0.6,0.6,80,0.1793704623461264,0,0,40,1.0,2,0,0.25,0.01,0.75,50.0,lesion,30.0,0.45,0.2,0.1,0.002,8.0,0.1605728926651606
56,320,0.4458968859280649,0.5,-0.2281583591805994,0.0,0.125,0.0,extended_hex_r2__markov__plastic__intr0__struct0__sequential__lesion__s1__7de403d095,0.005531525492747,0.0065685728197741,0.25,False,0.974306389730126,0.002,0.016,markov,0.68,extended_hex_r2,40,100,0.9,0.0880078964698744,0.3,0,0.42,0.08,210,0.4430342852546978,0.2,20,0.017014029845607,1.0550163066808976e-18,0.2,plastic,sequential_exact,False,sequential,40,180,280,1,-1,1.0,0.6,0.6,80,0.1151245259984582,0,0,40,0.9991850907029478,2,0,0.25,0.01,0.75,50.0,lesion,30.0,0.45,0.2,0.1,0.002,8.0,0.0063953974916733
56,320,0.4083641400546926,0.5,-0.3923200526458026,0.0,0.125,0.0,square_moore__markov__plastic__intr0__struct0__sequential__lesion__s2__11bcf37ce7,-0.0064604048212355,0.0056728893826119,0.25,False,0.5031890551693005,0.002,0.016,markov,0.68,square_moore,40,100,0.9,0.5125034828402288,0.3,0,0.42,0.08,210,0.4035379398389759,0.2,20,1.5581406955949084,3.3501056358773824e-18,0.2,plastic,sequential_exact,False,sequential,40,180,280,2,-1,1.0,0.6,0.6,80,0.0587585032696718,0,0,40,0.9999601403061223,2,0,0.25,0.01,0.75,50.0,lesion,30.0,0.45,0.2,0.1,0.002,8.0,-0.0030391930921166
56,320,0.2176957388688352,0.5,0.3450197344710513,0.0,0.125,0.0,honeycomb__markov__plastic__intr0__struct0__sequential__lesion__s2__1055d60ffe,0.1637666301564207,0.1534592482722964,0.25,False,0.3846127848179476,0.002,0.016,markov,0.68,honeycomb,40,100,0.9,0.2034340144220433,0.3,0,0.42,0.08,210,0.2074053143170519,0.2,20,1.419515912591109,4.0911657567958645e-18,0.2,plastic,sequential_exact,False,sequential,40,180,280,2,-1,1.0,0.6,0.6,80,0.1614463305244972,0,0,40,1.0,2,0,0.25,0.01,0.75,50.0,lesion,30.0,0.45,0.2,0.1,0.002,8.0,0.1540334666665677
56,320,0.4441260847254275,0.5,-0.22814062655406,0.0,0.125,0.0,extended_hex_r2__markov__plastic__intr0__struct0__sequential__lesion__s2__29958f5f3d,0.0049343048795466,-0.0079859910992482,0.25,False,0.9711466034040168,0.002,0.016,markov,0.68,extended_hex_r2,40,100,0.9,0.1001130159285694,0.3,0,0.42,0.08,210,0.4415214555356466,0.2,20,0.0047008862276524,1.1764887211305998e-18,0.2,plastic,sequential_exact,False,sequential,40,180,280,2,-1,1.0,0.6,0.6,80,0.0940239148684119,0,0,40,0.9992736678004536,2,0,0.25,0.01,0.75,50.0,lesion,30.0,0.45,0.2,0.1,0.002,8.0,-0.0018135243528518
56,320,0.410616507694119,0.5,-0.3913922862472327,0.0,0.125,0.0,square_moore__markov__plastic__intr0__struct0__sequential__lesion__s3__5ac6267a3d,-0.0038107499047498,0.0060705525311142,0.25,False,0.4931276772258157,0.002,0.016,markov,0.68,square_moore,40,100,0.9,0.517773412318571,0.3,0,0.42,0.08,210,0.4058210177722894,0.2,20,1.55801702632837,3.140946805794393e-18,0.2,plastic,sequential_exact,False,sequential,40,180,280,3,-1,1.0,0.6,0.6,80,0.0416794006644142,0,0,40,0.9999601403061223,2,0,0.25,0.01,0.75,50.0,lesion,30.0,0.45,0.2,0.1,0.002,8.0,-0.0078147932231892
56,320,0.18155474424761,0.5,0.4068135645993622,0.0,0.125,0.0,honeycomb__markov__plastic__intr0__struct0__sequential__lesion__s3__a969672bc8,0.1943855247158844,0.1938043468985002,0.25,False,0.3202640833834881,0.002,0.016,markov,0.68,honeycomb,40,100,0.9,0.1692610077823692,0.3,0,0.42,0.08,210,0.1737108643904703,0.2,20,1.3078692888060297,1.9415817394186626e-18,0.2,plastic,sequential_exact,False,sequential,40,180,280,3,-1,1.0,0.6,0.6,80,0.1803416792512945,0,0,40,1.0,2,0,0.25,0.01,0.75,50.0,lesion,30.0,0.45,0.2,0.1,0.002,8.0,0.1557446508269712
56,320,0.4447236515389615,0.5,-0.2304965935992054,0.0,0.125,0.0,extended_hex_r2__markov__plastic__intr0__struct0__sequential__lesion__s3__aefe3b18be,-0.0064429665711233,-0.0068292236800156,0.25,False,0.966401049560242,0.002,0.016,markov,0.68,extended_hex_r2,40,100,0.9,0.1081234062871843,0.3,0,0.42,0.08,210,0.4421736277939241,0.2,20,0.0690018080677126,1.448363969556751e-18,0.2,plastic,sequential_exact,False,sequential,40,180,280,3,-1,1.0,0.6,0.6,80,0.1619165051944139,0,0,40,0.9991673752834468,2,0,0.25,0.01,0.75,50.0,lesion,30.0,0.45,0.2,0.1,0.002,8.0,-0.0048729275751071
56,320,0.4140150717979892,0.5,-0.2962015554884493,0.0,0.125,0.3192810152676615,square_moore__ql__fixed__intr0__struct0__sequential__baseline__s1__a17dcb503d,0.0081299122278721,0.0055996840275639,0.25,False,0.6055760725434743,0.002,0.016,ql,0.68,square_moore,40,100,0.9,0.4392946323042028,0.3,0,0.42,0.08,210,0.4129852388460976,0.2,20,1.3765398841087826,5.5856030482954665e-18,0.2,fixed,sequential_exact,False,sequential,40,180,280,1,-1,1.0,0.6,0.6,80,0.1113699026688271,0,0,40,1.0,2,0,0.25,0.01,0.75,50.0,baseline,30.0,0.45,0.2,0.1,0.002,8.0,
56,320,0.3912414148800778,0.5,-0.1686305574185967,0.0,0.125,0.2908425299834173,honeycomb__ql__fixed__intr0__struct0__sequential__baseline__s1__72fb735c01,0.0032035759278075,0.0096474891785807,0.25,False,0.6930018720902188,0.002,0.016,ql,0.68,honeycomb,40,100,0.9,0.351055785566013,0.3,0,0.42,0.08,210,0.3879454496432996,0.2,20,1.5393643033201505,2.572184216948943e-18,0.2,fixed,sequential_exact,False,sequential,40,180,280,1,-1,1.0,0.6,0.6,80,0.0028708704850158,0,0,40,1.0,2,0,0.25,0.01,0.75,50.0,baseline,30.0,0.45,0.2,0.1,0.002,8.0,
56,320,0.4511571380102073,0.5,-0.235212358027384,0.0,0.125,0.2726191821302585,extended_hex_r2__ql__fixed__intr0__struct0__sequential__baseline__s1__48f6102944,-0.0016563571031868,-0.0045303752271473,0.25,False,0.5213268955346667,0.002,0.016,ql,0.68,extended_hex_r2,40,100,0.9,0.4847422568384473,0.3,0,0.42,0.08,210,0.4512420156219943,0.2,20,0.9532421804273444,1.6300632354034256e-18,0.2,fixed,sequential_exact,False,sequential,40,180,280,1,-1,1.0,0.6,0.6,80,0.2684866067517515,0,0,40,1.0,2,0,0.25,0.01,0.75,50.0,baseline,30.0,0.45,0.2,0.1,0.002,8.0,
56,320,0.4142662343150825,0.5,-0.3022883998815591,0.0,0.125,0.3187950280126605,square_moore__ql__fixed__intr0__struct0__sequential__baseline__s2__de97942b12,-0.0060412817670781,-0.0096302613827513,0.25,False,0.6055249205926209,0.002,0.016,ql,0.68,square_moore,40,100,0.9,0.4412461355942643,0.3,0,0.42,0.08,210,0.4141597522749751,0.2,20,1.3746194455585563,2.9022100996195507e-18,0.2,fixed,sequential_exact,False,sequential,40,180,280,2,-1,1.0,0.6,0.6,80,0.0655293901634411,0,0,40,1.0,2,0,0.25,0.01,0.75,50.0,baseline,30.0,0.45,0.2,0.1,0.002,8.0,
56,320,0.3885382699721,0.5,-0.1623343537570652,0.0,0.125,0.2912060715473124,honeycomb__ql__fixed__intr0__struct0__sequential__baseline__s2__f2c4324027,-0.0022290264194945,-0.007482629661736,0.25,False,0.6906720031139431,0.002,0.016,ql,0.68,honeycomb,40,100,0.9,0.3502564136741451,0.3,0,0.42,0.08,210,0.3883783958485723,0.2,20,1.5378143859953948,1.2293761535538434e-18,0.2,fixed,sequential_exact,False,sequential,40,180,280,2,-1,1.0,0.6,0.6,80,0.003461766352538,0,0,40,1.0,2,0,0.25,0.01,0.75,50.0,baseline,30.0,0.45,0.2,0.1,0.002,8.0,
56,320,0.4517313973182519,0.5,-0.2376663483848662,0.0,0.125,0.2736825481637926,extended_hex_r2__ql__fixed__intr0__struct0__sequential__baseline__s2__3bbb92d1f2,0.005146544106877,-0.0034054597258602,0.25,False,0.5114549563743772,0.002,0.016,ql,0.68,extended_hex_r2,40,100,0.9,0.4922815440061767,0.3,0,0.42,0.08,210,0.4519854736648048,0.2,20,0.9544713390958736,1.6169815123859193e-18,0.2,fixed,sequential_exact,False,sequential,40,180,280,2,-1,1.0,0.6,0.6,80,0.4726776421250966,0,0,40,1.0,2,0,0.25,0.01,0.75,50.0,baseline,30.0,0.45,0.2,0.1,0.002,8.0,
56,320,0.4135016496223856,0.5,-0.3055447096516557,0.0,0.125,0.3194155370066263,square_moore__ql__fixed__intr0__struct0__sequential__baseline__s3__dba1db1b27,0.0071577747782512,0.008079377995779,0.25,False,0.605488286319601,0.002,0.016,ql,0.68,square_moore,40,100,0.9,0.4421048890861385,0.3,0,0.42,0.08,210,0.4135791076361023,0.2,20,1.3850518191047032,4.933294034741638e-18,0.2,fixed,sequential_exact,False,sequential,40,180,280,3,-1,1.0,0.6,0.6,80,0.0924079970230837,0,0,40,1.0,2,0,0.25,0.01,0.75,50.0,baseline,30.0,0.45,0.2,0.1,0.002,8.0,
56,320,0.386525609037937,0.5,-0.1608892615651279,0.0,0.125,0.2920537603701175,honeycomb__ql__fixed__intr0__struct0__sequential__baseline__s3__c43237b212,-0.0002866323150188,-0.0130901726404706,0.25,False,0.6938526659728987,0.002,0.016,ql,0.68,honeycomb,40,100,0.9,0.3463924243526113,0.3,0,0.42,0.08,210,0.3880754726576394,0.2,20,1.5486184044637945,1.4772940167388596e-18,0.2,fixed,sequential_exact,False,sequential,40,180,280,3,-1,1.0,0.6,0.6,80,0.0034161241446268,0,0,40,1.0,2,0,0.25,0.01,0.75,50.0,baseline,30.0,0.45,0.2,0.1,0.002,8.0,
56,320,0.4508369278236435,0.5,-0.2357290671366466,0.0,0.125,0.2671658913837768,extended_hex_r2__ql__fixed__intr0__struct0__sequential__baseline__s3__2ca42534f6,0.0054734816149377,0.0012460948140048,0.25,False,0.5402835926023265,0.002,0.016,ql,0.68,extended_hex_r2,40,100,0.9,0.4772126255124509,0.3,0,0.42,0.08,210,0.4511799282405365,0.2,20,0.9457959265129132,1.6462390017953694e-18,0.2,fixed,sequential_exact,False,sequential,40,180,280,3,-1,1.0,0.6,0.6,80,0.2811941581611381,0,0,40,1.0,2,0,0.25,0.01,0.75,50.0,baseline,30.0,0.45,0.2,0.1,0.002,8.0,
56,320,0.4124560839409724,0.5,-0.3003819387611416,0.0,0.125,0.3192969318525451,square_moore__ql__fixed__intr0__struct0__sequential__lesion__s1__e44c420074,0.0147773102171281,-0.0003709381621914,0.25,False,0.6086369359710134,0.002,0.016,ql,0.68,square_moore,40,100,0.9,0.437960144767463,0.3,0,0.42,0.08,210,0.4110526341088719,0.2,20,1.3999449618263595,5.007512905065201e-18,0.2,fixed,sequential_exact,False,sequential,40,180,280,1,-1,1.0,0.6,0.6,80,0.1752225534293507,0,0,40,1.0,2,0,0.25,0.01,0.75,50.0,lesion,30.0,0.45,0.2,0.1,0.002,8.0,0.0084449303957037
56,320,0.3891501463585385,0.5,-0.1690794554074146,0.0,0.125,0.2895705368108531,honeycomb__ql__fixed__intr0__struct0__sequential__lesion__s1__09c30ed041,0.0126444266642894,0.0094740532709979,0.25,False,0.698250223909882,0.002,0.016,ql,0.68,honeycomb,40,100,0.9,0.3479799668417618,0.3,0,0.42,0.08,210,0.3828530850004723,0.2,20,1.5288118362417975,3.4029441868352677e-18,0.2,fixed,sequential_exact,False,sequential,40,180,280,1,-1,1.0,0.6,0.6,80,0.0029393217650499,0,0,40,1.0,2,0,0.25,0.01,0.75,50.0,lesion,30.0,0.45,0.2,0.1,0.002,8.0,0.0207267200366901
56,320,0.4508388462606103,0.5,-0.2359869696085338,0.0,0.125,0.2645523646638925,extended_hex_r2__ql__fixed__intr0__struct0__sequential__lesion__s1__8f59c1f6b1,-0.0012180111774997,-6.469212060084792e-05,0.25,False,0.5394797904144344,0.002,0.016,ql,0.68,extended_hex_r2,40,100,0.9,0.4775542025699447,0.3,0,0.42,0.08,210,0.4494211098206369,0.2,20,0.9455488861449916,1.5231421141986565e-18,0.2,fixed,sequential_exact,False,sequential,40,180,280,1,-1,1.0,0.6,0.6,80,0.315844787950282,0,0,40,1.0,2,0,0.25,0.01,0.75,50.0,lesion,30.0,0.45,0.2,0.1,0.002,8.0,-0.0009664769969859
56,320,0.4133000460523399,0.5,-0.3017974756716144,0.0,0.125,0.3180270717643825,square_moore__ql__fixed__intr0__struct0__sequential__lesion__s2__4c8bbf3c55,-0.0058891307625118,-0.0016947014439538,0.25,False,0.6106919958257816,0.002,0.016,ql,0.68,square_moore,40,100,0.9,0.4375926881174683,0.3,0,0.42,0.08,210,0.4122158680127277,0.2,20,1.3750251900608148,4.891784794054283e-18,0.2,fixed,sequential_exact,False,sequential,40,180,280,2,-1,1.0,0.6,0.6,80,0.1742957511418715,0,0,40,1.0,2,0,0.25,0.01,0.75,50.0,lesion,30.0,0.45,0.2,0.1,0.002,8.0,0.0069791583579088
56,320,0.3931895959717202,0.5,-0.171500030704729,0.0,0.125,0.2906200442230667,honeycomb__ql__fixed__intr0__struct0__sequential__lesion__s2__00cf19ce79,-0.0061610719825462,-0.0036729059250141,0.25,False,0.6973744551694677,0.002,0.016,ql,0.68,honeycomb,40,100,0.9,0.350553773850303,0.3,0,0.42,0.08,210,0.3839112640573508,0.2,20,1.5257133451552407,2.0003808556884725e-18,0.2,fixed,sequential_exact,False,sequential,40,180,280,2,-1,1.0,0.6,0.6,80,0.0039453398233502,0,0,40,1.0,2,0,0.25,0.01,0.75,50.0,lesion,30.0,0.45,0.2,0.1,0.002,8.0,-0.0007727720601494
56,320,0.4501980533575971,0.5,-0.2350573667496054,0.0,0.125,0.251064018898288,extended_hex_r2__ql__fixed__intr0__struct0__sequential__lesion__s2__3109ace1a6,-0.0118044467341857,-0.0024036919623569,0.25,False,0.5745082611626305,0.002,0.016,ql,0.68,extended_hex_r2,40,100,0.9,0.4595328793219115,0.3,0,0.42,0.08,210,0.4485720838931539,0.2,20,0.9296305511273304,1.5847103718405284e-18,0.2,fixed,sequential_exact,False,sequential,40,180,280,2,-1,1.0,0.6,0.6,80,0.1307223237343449,0,0,40,1.0,2,0,0.25,0.01,0.75,50.0,lesion,30.0,0.45,0.2,0.1,0.002,8.0,-0.0135884026268101
56,320,0.4137583450258943,0.5,-0.2935176453985568,0.0,0.125,0.3182032912297661,square_moore__ql__fixed__intr0__struct0__sequential__lesion__s3__9fb274d800,0.0154411577791975,0.0040816522324416,0.25,False,0.6012755224439846,0.002,0.016,ql,0.68,square_moore,40,100,0.9,0.4403172426650079,0.3,0,0.42,0.08,210,0.4134628719894129,0.2,20,1.382146720170803,3.52227647718943e-18,0.2,fixed,sequential_exact,False,sequential,40,180,280,3,-1,1.0,0.6,0.6,80,0.1005023810087368,0,0,40,1.0,2,0,0.25,0.01,0.75,50.0,lesion,30.0,0.45,0.2,0.1,0.002,8.0,0.0040182174776129
56,320,0.39178823213873,0.5,-0.1837000110873074,0.0,0.125,0.2917355704950358,honeycomb__ql__fixed__intr0__struct0__sequential__lesion__s3__cf3e100f35,0.0035260363518638,-0.0013040440233804,0.25,False,0.6898396227369442,0.002,0.016,ql,0.68,honeycomb,40,100,0.9,0.3553107758313915,0.3,0,0.42,0.08,210,0.3852700774020971,0.2,20,1.5371712995061284,3.672211214032469e-18,0.2,fixed,sequential_exact,False,sequential,40,180,280,3,-1,1.0,0.6,0.6,80,0.00385362696586,0,0,40,1.0,2,0,0.25,0.01,0.75,50.0,lesion,30.0,0.45,0.2,0.1,0.002,8.0,0.0092057114665368
56,320,0.4504877114340533,0.5,-0.2344403593359008,0.0,0.125,0.266441999999149,extended_hex_r2__ql__fixed__intr0__struct0__sequential__lesion__s3__732f3fd8db,0.0073812204438996,0.0031101083079784,0.25,False,0.5418138241717932,0.002,0.016,ql,0.68,extended_hex_r2,40,100,0.9,0.4762452102065126,0.3,0,0.42,0.08,210,0.4491590556051953,0.2,20,0.949666527245272,1.4636026231461001e-18,0.2,fixed,sequential_exact,False,sequential,40,180,280,3,-1,1.0,0.6,0.6,80,0.1447337757985239,0,0,40,1.0,2,0,0.25,0.01,0.75,50.0,lesion,30.0,0.45,0.2,0.1,0.002,8.0,0.0044218657300737
56,320,0.3981165505706658,0.5,-0.3763297634938232,0.0,0.125,0.2898726694921276,square_moore__ql__plastic__intr0__struct0__sequential__baseline__s1__3648208f66,-0.0007588423726657,0.0012959276166564,0.25,False,0.5596809175265854,0.002,0.016,ql,0.68,square_moore,40,100,0.9,0.4807601226137962,0.3,0,0.42,0.08,210,0.3987264823203122,0.2,20,1.543947918684068,2.9489878069007005e-18,0.2,plastic,sequential_exact,False,sequential,40,180,280,1,-1,1.0,0.6,0.6,80,0.078543601821822,0,0,40,1.0,2,0,0.25,0.01,0.75,50.0,baseline,30.0,0.45,0.2,0.1,0.002,8.0,
56,320,0.3881893047473463,0.5,-0.1643837467062234,0.0,0.125,0.2901141239685609,honeycomb__ql__plastic__intr0__struct0__sequential__baseline__s1__118e82727e,0.0092736802702358,-0.0188019152363518,0.25,False,0.693369058276163,0.002,0.016,ql,0.68,honeycomb,40,100,0.9,0.3487146764091049,0.3,0,0.42,0.08,210,0.3886989597480429,0.2,20,1.5274422866321915,2.400247788948005e-18,0.2,plastic,sequential_exact,False,sequential,40,180,280,1,-1,1.0,0.6,0.6,80,0.0031839101947018,0,0,40,1.0,2,0,0.25,0.01,0.75,50.0,baseline,30.0,0.45,0.2,0.1,0.002,8.0,
56,320,0.4434030402203935,0.5,-0.2191021287482585,0.0,0.125,0.1348296368186418,extended_hex_r2__ql__plastic__intr0__struct0__sequential__baseline__s1__3edaf426ab,-0.011774092384955,-0.0162127052834141,0.25,False,0.9810510475029844,0.002,0.016,ql,0.68,extended_hex_r2,40,100,0.9,0.0704213120819687,0.3,0,0.42,0.08,210,0.4434431124898457,0.2,20,0.0,1.494027985228382e-18,0.2,plastic,sequential_exact,False,sequential,40,180,280,1,-1,1.0,0.6,0.6,80,0.0860254102343814,0,0,40,1.0,2,0,0.25,0.01,0.75,50.0,baseline,30.0,0.45,0.2,0.1,0.002,8.0,
56,320,0.3985728246380262,0.5,-0.3844377348179953,0.0,0.125,0.2911210215867564,square_moore__ql__plastic__intr0__struct0__sequential__baseline__s2__96300a3cc0,-0.0075075245780966,0.0018744731528516,0.25,False,0.550278167619215,0.002,0.016,ql,0.68,square_moore,40,100,0.9,0.489877806900892,0.3,0,0.42,0.08,210,0.3996287995702002,0.2,20,1.5574328405716986,3.383737973227041e-18,0.2,plastic,sequential_exact,False,sequential,40,180,280,2,-1,1.0,0.6,0.6,80,0.0940606763899944,0,0,40,1.0,2,0,0.25,0.01,0.75,50.0,baseline,30.0,0.45,0.2,0.1,0.002,8.0,
56,320,0.3867865513377669,0.5,-0.167289032337135,0.0,0.125,0.298844879199546,honeycomb__ql__plastic__intr0__struct0__sequential__baseline__s2__4d3d595329,0.0039447195997415,0.0123731436319477,0.25,False,0.6862501652486092,0.002,0.016,ql,0.68,honeycomb,40,100,0.9,0.3524174850354397,0.3,0,0.42,0.08,210,0.3872742300913561,0.2,20,1.555333126853365,1.818323974341735e-18,0.2,plastic,sequential_exact,False,sequential,40,180,280,2,-1,1.0,0.6,0.6,80,0.0030441636518089,0,0,40,1.0,2,0,0.25,0.01,0.75,50.0,baseline,30.0,0.45,0.2,0.1,0.002,8.0,
56,320,0.4348445053419672,0.5,-0.1708038079683271,0.0,0.125,0.1470779334556746,extended_hex_r2__ql__plastic__intr0__struct0__sequential__baseline__s2__d4d828605d,-0.0207491852023469,-0.0319014216509182,0.25,False,0.9383516323605232,0.002,0.016,ql,0.68,extended_hex_r2,40,100,0.9,0.1281011284810475,0.3,0,0.42,0.08,210,0.4355844822502457,0.2,20,0.0179709621119806,4.802716732437796e-18,0.2,plastic,sequential_exact,False,sequential,40,180,280,2,-1,1.0,0.6,0.6,80,0.0429164964631764,0,0,40,1.0,2,0,0.25,0.01,0.75,50.0,baseline,30.0,0.45,0.2,0.1,0.002,8.0,
56,320,0.3986434609164979,0.5,-0.3729852537820384,0.0,0.125,0.2904075709505709,square_moore__ql__plastic__intr0__struct0__sequential__baseline__s3__dab54614a3,8.639129368637416e-05,-0.0011562299389289,0.25,False,0.5498893753864267,0.002,0.016,ql,0.68,square_moore,40,100,0.9,0.4862192496834548,0.3,0,0.42,0.08,210,0.3997274515250331,0.2,20,1.5456375741412824,4.22694775300719e-18,0.2,plastic,sequential_exact,False,sequential,40,180,280,3,-1,1.0,0.6,0.6,80,0.0421922802149865,0,0,40,1.0,2,0,0.25,0.01,0.75,50.0,baseline,30.0,0.45,0.2,0.1,0.002,8.0,
56,320,0.3877952082193206,0.5,-0.1719879591183124,0.0,0.125,0.2890520207093364,honeycomb__ql__plastic__intr0__struct0__sequential__baseline__s3__3e715cd6c4,0.0070472930678655,-0.0163247852039937,0.25,False,0.6895539153281284,0.002,0.016,ql,0.68,honeycomb,40,100,0.9,0.3517160309655605,0.3,0,0.42,0.08,210,0.3897179908422593,0.2,20,1.5624259163993386,1.799240484502535e-18,0.2,plastic,sequential_exact,False,sequential,40,180,280,3,-1,1.0,0.6,0.6,80,0.0032942695466839,0,0,40,1.0,2,0,0.25,0.01,0.75,50.0,baseline,30.0,0.45,0.2,0.1,0.002,8.0,
56,320,0.4440724688854303,0.5,-0.2161515192018306,0.0,0.125,0.1343627830450254,extended_hex_r2__ql__plastic__intr0__struct0__sequential__baseline__s3__58f5d7dea9,0.0057096693955464,0.0020248134101509,0.25,False,0.9823351480176946,0.002,0.016,ql,0.68,extended_hex_r2,40,100,0.9,0.0656302491193776,0.3,0,0.42,0.08,210,0.4441177590884128,0.2,20,0.0,1.7262222677155977e-18,0.2,plastic,sequential_exact,False,sequential,40,180,280,3,-1,1.0,0.6,0.6,80,0.0856444285233205,0,0,40,1.0,2,0,0.25,0.01,0.75,50.0,baseline,30.0,0.45,0.2,0.1,0.002,8.0,
56,320,0.4055033844174695,0.5,-0.3883333331815818,0.0,0.125,0.2949134295648103,square_moore__ql__plastic__intr0__struct0__sequential__lesion__s1__dadb62820d,-0.0014752363312717,-0.0043653680222285,0.25,False,0.5264203065735702,0.002,0.016,ql,0.68,square_moore,40,100,0.9,0.505689937436701,0.3,0,0.42,0.08,210,0.4054571277315981,0.2,20,1.5548630667713104,3.535690553975523e-18,0.2,plastic,sequential_exact,False,sequential,40,180,280,1,-1,1.0,0.6,0.6,80,0.051228963369529,0,0,40,1.0,2,0,0.25,0.01,0.75,50.0,lesion,30.0,0.45,0.2,0.1,0.002,8.0,0.0016661970828785
56,320,0.3897923532242223,0.5,-0.1802368265209224,0.0,0.125,0.2933759026755341,honeycomb__ql__plastic__intr0__struct0__sequential__lesion__s1__b71709d013,-0.0006625024029889,-0.0231015875042589,0.25,False,0.6912209661969234,0.002,0.016,ql,0.68,honeycomb,40,100,0.9,0.3538338505436554,0.3,0,0.42,0.08,210,0.381992438551943,0.2,20,1.5540240523558173,1.2113607936520121e-18,0.2,plastic,sequential_exact,False,sequential,40,180,280,1,-1,1.0,0.6,0.6,80,0.0029458992316859,0,0,40,1.0,2,0,0.25,0.01,0.75,50.0,lesion,30.0,0.45,0.2,0.1,0.002,8.0,-0.0164823200708012
56,320,0.4367392327797202,0.5,-0.1843219482220316,0.0,0.125,0.1480976184299916,extended_hex_r2__ql__plastic__intr0__struct0__sequential__lesion__s1__8810f529dc,-0.0375689154931876,-0.0037252450034306,0.25,False,0.9445095743453056,0.002,0.016,ql,0.68,extended_hex_r2,40,100,0.9,0.1346325798799605,0.3,0,0.42,0.08,210,0.4359555845889268,0.2,20,0.016557995291422,3.4370513138871653e-18,0.2,plastic,sequential_exact,False,sequential,40,180,280,1,-1,1.0,0.6,0.6,80,0.0643969792134032,0,0,40,0.9973249716553289,2,0,0.25,0.01,0.75,50.0,lesion,30.0,0.45,0.2,0.1,0.002,8.0,-0.0455073328895618
56,320,0.4070140832469535,0.5,-0.3882024200683577,0.0,0.125,0.2940118350806967,square_moore__ql__plastic__intr0__struct0__sequential__lesion__s2__049f86a7c4,-0.0021534811857687,-0.0011223982870413,0.25,False,0.5269224604388429,0.002,0.016,ql,0.68,square_moore,40,100,0.9,0.5055883836339256,0.3,0,0.42,0.08,210,0.4071121154326884,0.2,20,1.5535797773189588,4.0268667877217024e-18,0.2,plastic,sequential_exact,False,sequential,40,180,280,2,-1,1.0,0.6,0.6,80,0.0723942644870332,0,0,40,0.9999202806122448,2,0,0.25,0.01,0.75,50.0,lesion,30.0,0.45,0.2,0.1,0.002,8.0,-0.0070254908269207
56,320,0.3885321506928106,0.5,-0.1612478194467781,0.0,0.125,0.2897300791923804,honeycomb__ql__plastic__intr0__struct0__sequential__lesion__s2__e3aff6bda3,0.0119530818010537,0.0010488090671351,0.25,False,0.6910946271166586,0.002,0.016,ql,0.68,honeycomb,40,100,0.9,0.348110612121818,0.3,0,0.42,0.08,210,0.3834617933528862,0.2,20,1.534663404928357,2.6055124876713187e-18,0.2,plastic,sequential_exact,False,sequential,40,180,280,2,-1,1.0,0.6,0.6,80,0.0033509764830582,0,0,40,1.0,2,0,0.25,0.01,0.75,50.0,lesion,30.0,0.45,0.2,0.1,0.002,8.0,0.0052730258115674
56,320,0.4388047588747487,0.5,-0.1939291913386397,0.0,0.125,0.1454406855703446,extended_hex_r2__ql__plastic__intr0__struct0__sequential__lesion__s2__ee75320bb6,-0.0332733434603417,-0.0404353391735776,0.25,False,0.9520054163639138,0.002,0.016,ql,0.68,extended_hex_r2,40,100,0.9,0.1311703913770609,0.3,0,0.42,0.08,210,0.4376171649949193,0.2,20,0.0177247224915622,2.975055141853949e-18,0.2,plastic,sequential_exact,False,sequential,40,180,280,2,-1,1.0,0.6,0.6,80,0.1106920504458242,0,0,40,0.9972895408163264,2,0,0.25,0.01,0.75,50.0,lesion,30.0,0.45,0.2,0.1,0.002,8.0,-0.0391909339279464
56,320,0.4083916534448175,0.5,-0.3974531585321728,0.0,0.125,0.2952942461551698,square_moore__ql__plastic__intr0__struct0__sequential__lesion__s3__485bad61dd,0.0051594491241358,0.0073631193327265,0.25,False,0.5059199102903499,0.002,0.016,ql,0.68,square_moore,40,100,0.9,0.5206036826289796,0.3,0,0.42,0.08,210,0.40750530032788,0.2,20,1.5650594882905309,3.307294562103711e-18,0.2,plastic,sequential_exact,False,sequential,40,180,280,3,-1,1.0,0.6,0.6,80,0.0456915682534133,0,0,40,0.9999601403061223,2,0,0.25,0.01,0.75,50.0,lesion,30.0,0.45,0.2,0.1,0.002,8.0,0.0116795550459427
56,320,0.389365493392069,0.5,-0.1718532843941429,0.0,0.125,0.2933423361597447,honeycomb__ql__plastic__intr0__struct0__sequential__lesion__s3__5baf3da315,0.0086605062090535,-0.0031637469678285,0.25,False,0.6897023610832337,0.002,0.016,ql,0.68,honeycomb,40,100,0.9,0.352974876157428,0.3,0,0.42,0.08,210,0.3839798002220426,0.2,20,1.5286415826134183,2.464479231385919e-18,0.2,plastic,sequential_exact,False,sequential,40,180,280,3,-1,1.0,0.6,0.6,80,0.0034550375374555,0,0,40,1.0,2,0,0.25,0.01,0.75,50.0,lesion,30.0,0.45,0.2,0.1,0.002,8.0,0.0032480753931485
56,320,0.4406414917361393,0.5,-0.2150346044713732,0.0,0.125,0.1406337435300371,extended_hex_r2__ql__plastic__intr0__struct0__sequential__lesion__s3__0415e589d9,-0.0044283597639688,0.0116778448199616,0.25,False,0.9691505542616558,0.002,0.016,ql,0.68,extended_hex_r2,40,100,0.9,0.1033682097118327,0.3,0,0.42,0.08,210,0.4394267742416355,0.2,20,0.0086518922148171,1.3910969563005569e-18,0.2,plastic,sequential_exact,False,sequential,40,180,280,3,-1,1.0,0.6,0.6,80,0.0576421723863311,0,0,40,0.9976084183673468,2,0,0.25,0.01,0.75,50.0,lesion,30.0,0.45,0.2,0.1,0.002,8.0,0.0033179545998054
